resno,state,pc,psu_id,age,women,voted,list_activities,vio_mobilize,vio_demobilize,treatment,control_treat,control_mob,control_demob,contested,bjp_strong,tmc_strong,winner_pc,runnerup_pc,winner_vote,runnerup_vote,margin_pc
1,WEST BENGAL,BIRBHUM,1,67,0,1,4,0,0,0,0,0,0,1,0,0,TMC,BJP,45.13,38.99,6.14
2,WEST BENGAL,BIRBHUM,1,30,1,1,2,0,0,0,0,0,0,1,0,0,TMC,BJP,45.13,38.99,6.14
3,WEST BENGAL,BIRBHUM,1,60,0,1,3,0,0,1,1,1,,1,0,0,TMC,BJP,45.13,38.99,6.14
4,WEST BENGAL,BIRBHUM,1,36,0,1,3,0,0,0,0,0,0,1,0,0,TMC,BJP,45.13,38.99,6.14
5,WEST BENGAL,BIRBHUM,1,48,0,1,4,0,0,2,1,,1,1,0,0,TMC,BJP,45.13,38.99,6.14
6,WEST BENGAL,BIRBHUM,1,35,1,1,4,0,0,2,1,,1,1,0,0,TMC,BJP,45.13,38.99,6.14
7,WEST BENGAL,BIRBHUM,1,32,0,1,4,0,0,1,1,1,,1,0,0,TMC,BJP,45.13,38.99,6.14
8,WEST BENGAL,BIRBHUM,1,65,1,1,4,0,0,2,1,,1,1,0,0,TMC,BJP,45.13,38.99,6.14
9,WEST BENGAL,BIRBHUM,1,40,1,1,2,0,0,1,1,1,,1,0,0,TMC,BJP,45.13,38.99,6.14
10,WEST BENGAL,BIRBHUM,1,40,1,1,3,0,0,0,0,0,0,1,0,0,TMC,BJP,45.13,38.99,6.14
11,WEST BENGAL,BIRBHUM,1,25,1,0,2,0,0,1,1,1,,1,0,0,TMC,BJP,45.13,38.99,6.14
12,WEST BENGAL,BIRBHUM,1,37,0,1,,0,0,2,1,,1,1,0,0,TMC,BJP,45.13,38.99,6.14
13,WEST BENGAL,BIRBHUM,2,19,1,1,2,0,0,2,1,,1,1,0,0,TMC,BJP,45.13,38.99,6.14
14,WEST BENGAL,BIRBHUM,2,19,0,1,3,0,0,1,1,1,,1,0,0,TMC,BJP,45.13,38.99,6.14
15,WEST BENGAL,BIRBHUM,2,40,0,1,3,0,0,0,0,0,0,1,0,0,TMC,BJP,45.13,38.99,6.14
16,WEST BENGAL,BIRBHUM,2,24,0,1,4,0,0,2,1,,1,1,0,0,TMC,BJP,45.13,38.99,6.14
17,WEST BENGAL,BIRBHUM,2,50,1,0,2,0,0,0,0,0,0,1,0,0,TMC,BJP,45.13,38.99,6.14
18,WEST BENGAL,BIRBHUM,2,20,1,1,3,0,0,0,0,0,0,1,0,0,TMC,BJP,45.13,38.99,6.14
19,WEST BENGAL,BIRBHUM,2,37,1,1,4,0,0,1,1,1,,1,0,0,TMC,BJP,45.13,38.99,6.14
20,WEST BENGAL,BIRBHUM,2,68,1,1,5,0,0,2,1,,1,1,0,0,TMC,BJP,45.13,38.99,6.14
21,WEST BENGAL,BIRBHUM,2,27,1,1,3,0,0,1,1,1,,1,0,0,TMC,BJP,45.13,38.99,6.14
22,WEST BENGAL,BIRBHUM,2,31,0,1,3,0,0,0,0,0,0,1,0,0,TMC,BJP,45.13,38.99,6.14
23,WEST BENGAL,BIRBHUM,2,27,0,1,2,0,0,2,1,,1,1,0,0,TMC,BJP,45.13,38.99,6.14
24,WEST BENGAL,BIRBHUM,2,18,0,1,4,0,0,1,1,1,,1,0,0,TMC,BJP,45.13,38.99,6.14
25,WEST BENGAL,BOLPUR (SC),3,24,1,1,,1,1,0,0,0,0,0,0,1,TMC,BJP,47.85,40.57,7.28
26,WEST BENGAL,BOLPUR (SC),3,45,0,1,2,0,,1,1,1,,0,0,1,TMC,BJP,47.85,40.57,7.28
27,WEST BENGAL,BOLPUR (SC),3,48,0,1,4,0,0,2,1,,1,0,0,1,TMC,BJP,47.85,40.57,7.28
28,WEST BENGAL,BOLPUR (SC),3,18,0,1,,0,0,0,0,0,0,0,0,1,TMC,BJP,47.85,40.57,7.28
29,WEST BENGAL,BOLPUR (SC),3,53,0,0,3,0,,1,1,1,,0,0,1,TMC,BJP,47.85,40.57,7.28
30,WEST BENGAL,BOLPUR (SC),3,32,1,0,3,,,0,0,0,0,0,0,1,TMC,BJP,47.85,40.57,7.28
31,WEST BENGAL,BOLPUR (SC),3,86,1,1,2,0,1,2,1,,1,0,0,1,TMC,BJP,47.85,40.57,7.28
32,WEST BENGAL,BOLPUR (SC),3,48,1,0,,1,1,1,1,1,,0,0,1,TMC,BJP,47.85,40.57,7.28
33,WEST BENGAL,BOLPUR (SC),3,36,1,,3,0,0,2,1,,1,0,0,1,TMC,BJP,47.85,40.57,7.28
34,WEST BENGAL,BOLPUR (SC),3,51,0,1,5,,,2,1,,1,0,0,1,TMC,BJP,47.85,40.57,7.28
35,WEST BENGAL,BOLPUR (SC),3,42,1,,3,,,0,0,0,0,0,0,1,TMC,BJP,47.85,40.57,7.28
36,WEST BENGAL,BOLPUR (SC),3,32,0,1,0,0,,1,1,1,,0,0,1,TMC,BJP,47.85,40.57,7.28
37,WEST BENGAL,BOLPUR (SC),4,37,1,1,2,0,0,0,0,0,0,0,0,1,TMC,BJP,47.85,40.57,7.28
38,WEST BENGAL,BOLPUR (SC),4,37,0,1,3,0,0,2,1,,1,0,0,1,TMC,BJP,47.85,40.57,7.28
39,WEST BENGAL,BOLPUR (SC),4,71,0,1,4,0,0,0,0,0,0,0,0,1,TMC,BJP,47.85,40.57,7.28
40,WEST BENGAL,BOLPUR (SC),4,20,1,1,4,0,0,2,1,,1,0,0,1,TMC,BJP,47.85,40.57,7.28
41,WEST BENGAL,BOLPUR (SC),4,18,1,1,4,0,0,2,1,,1,0,0,1,TMC,BJP,47.85,40.57,7.28
42,WEST BENGAL,BOLPUR (SC),4,53,0,1,4,0,0,1,1,1,,0,0,1,TMC,BJP,47.85,40.57,7.28
43,WEST BENGAL,BOLPUR (SC),4,23,0,1,3,0,0,1,1,1,,0,0,1,TMC,BJP,47.85,40.57,7.28
44,WEST BENGAL,BOLPUR (SC),4,19,1,1,,0,0,0,0,0,0,0,0,1,TMC,BJP,47.85,40.57,7.28
45,WEST BENGAL,BOLPUR (SC),4,18,0,1,4,0,0,1,1,1,,0,0,1,TMC,BJP,47.85,40.57,7.28
46,WEST BENGAL,BOLPUR (SC),4,29,0,1,4,0,0,0,0,0,0,0,0,1,TMC,BJP,47.85,40.57,7.28
47,WEST BENGAL,BOLPUR (SC),4,25,1,1,,1,0,2,1,,1,0,0,1,TMC,BJP,47.85,40.57,7.28
48,WEST BENGAL,BOLPUR (SC),4,39,1,0,,0,0,1,1,1,,0,0,1,TMC,BJP,47.85,40.57,7.28
49,WEST BENGAL,BIRBHUM,5,42,1,0,3,0,,1,1,1,,1,0,0,TMC,BJP,45.13,38.99,6.14
50,WEST BENGAL,BIRBHUM,5,32,0,1,,1,0,2,1,,1,1,0,0,TMC,BJP,45.13,38.99,6.14
51,WEST BENGAL,BIRBHUM,5,51,0,,,,,0,0,0,0,1,0,0,TMC,BJP,45.13,38.99,6.14
52,WEST BENGAL,BIRBHUM,5,42,0,0,3,,,1,1,1,,1,0,0,TMC,BJP,45.13,38.99,6.14
53,WEST BENGAL,BIRBHUM,5,36,0,,2,0,,0,0,0,0,1,0,0,TMC,BJP,45.13,38.99,6.14
54,WEST BENGAL,BIRBHUM,5,79,1,1,,1,0,1,1,1,,1,0,0,TMC,BJP,45.13,38.99,6.14
55,WEST BENGAL,BIRBHUM,5,37,1,0,3,0,0,0,0,0,0,1,0,0,TMC,BJP,45.13,38.99,6.14
56,WEST BENGAL,BIRBHUM,5,48,0,1,4,0,0,2,1,,1,1,0,0,TMC,BJP,45.13,38.99,6.14
57,WEST BENGAL,BIRBHUM,5,62,0,1,5,0,0,2,1,,1,1,0,0,TMC,BJP,45.13,38.99,6.14
58,WEST BENGAL,BIRBHUM,5,22,1,1,,1,0,1,1,1,,1,0,0,TMC,BJP,45.13,38.99,6.14
59,WEST BENGAL,BIRBHUM,5,24,1,1,,,,0,0,0,0,1,0,0,TMC,BJP,45.13,38.99,6.14
60,WEST BENGAL,BIRBHUM,5,44,1,1,,0,0,2,1,,1,1,0,0,TMC,BJP,45.13,38.99,6.14
61,WEST BENGAL,BOLPUR (SC),6,38,1,1,4,0,0,0,0,0,0,0,0,1,TMC,BJP,47.85,40.57,7.28
62,WEST BENGAL,BOLPUR (SC),6,20,0,1,,0,0,2,1,,1,0,0,1,TMC,BJP,47.85,40.57,7.28
63,WEST BENGAL,BOLPUR (SC),6,42,1,0,3,0,0,1,1,1,,0,0,1,TMC,BJP,47.85,40.57,7.28
64,WEST BENGAL,BOLPUR (SC),6,32,0,,3,,,1,1,1,,0,0,1,TMC,BJP,47.85,40.57,7.28
65,WEST BENGAL,BOLPUR (SC),6,42,0,1,4,,,1,1,1,,0,0,1,TMC,BJP,47.85,40.57,7.28
66,WEST BENGAL,BOLPUR (SC),6,37,0,1,4,,,2,1,,1,0,0,1,TMC,BJP,47.85,40.57,7.28
67,WEST BENGAL,BOLPUR (SC),6,31,1,1,,0,0,0,0,0,0,0,0,1,TMC,BJP,47.85,40.57,7.28
68,WEST BENGAL,BOLPUR (SC),6,24,1,0,,0,0,0,0,0,0,0,0,1,TMC,BJP,47.85,40.57,7.28
69,WEST BENGAL,BOLPUR (SC),6,32,1,1,2,0,0,2,1,,1,0,0,1,TMC,BJP,47.85,40.57,7.28
70,WEST BENGAL,BOLPUR (SC),6,44,0,1,,1,0,1,1,1,,0,0,1,TMC,BJP,47.85,40.57,7.28
71,WEST BENGAL,BOLPUR (SC),6,18,0,1,,1,1,2,1,,1,0,0,1,TMC,BJP,47.85,40.57,7.28
72,WEST BENGAL,BOLPUR (SC),6,36,1,0,3,0,0,0,0,0,0,0,0,1,TMC,BJP,47.85,40.57,7.28
73,WEST BENGAL,BOLPUR (SC),7,32,0,1,3,0,0,0,0,0,0,0,0,1,TMC,BJP,47.85,40.57,7.28
74,WEST BENGAL,BOLPUR (SC),7,26,0,1,3,0,0,2,1,,1,0,0,1,TMC,BJP,47.85,40.57,7.28
75,WEST BENGAL,BOLPUR (SC),7,22,1,1,3,0,0,1,1,1,,0,0,1,TMC,BJP,47.85,40.57,7.28
76,WEST BENGAL,BOLPUR (SC),7,31,0,1,4,0,0,0,0,0,0,0,0,1,TMC,BJP,47.85,40.57,7.28
77,WEST BENGAL,BOLPUR (SC),7,19,1,1,2,0,0,0,0,0,0,0,0,1,TMC,BJP,47.85,40.57,7.28
78,WEST BENGAL,BOLPUR (SC),7,25,1,1,3,0,0,1,1,1,,0,0,1,TMC,BJP,47.85,40.57,7.28
79,WEST BENGAL,BOLPUR (SC),7,34,1,1,4,0,0,2,1,,1,0,0,1,TMC,BJP,47.85,40.57,7.28
80,WEST BENGAL,BOLPUR (SC),7,20,0,1,3,0,0,1,1,1,,0,0,1,TMC,BJP,47.85,40.57,7.28
81,WEST BENGAL,BOLPUR (SC),7,27,1,,3,1,1,2,1,,1,0,0,1,TMC,BJP,47.85,40.57,7.28
82,WEST BENGAL,BOLPUR (SC),7,21,0,1,2,0,0,2,1,,1,0,0,1,TMC,BJP,47.85,40.57,7.28
83,WEST BENGAL,BOLPUR (SC),7,32,0,1,3,0,0,0,0,0,0,0,0,1,TMC,BJP,47.85,40.57,7.28
84,WEST BENGAL,BOLPUR (SC),7,19,1,1,4,0,0,1,1,1,,0,0,1,TMC,BJP,47.85,40.57,7.28
85,WEST BENGAL,BIRBHUM,8,49,1,0,3,,0,2,1,,1,1,0,0,TMC,BJP,45.13,38.99,6.14
86,WEST BENGAL,BIRBHUM,8,27,0,1,,0,0,1,1,1,,1,0,0,TMC,BJP,45.13,38.99,6.14
87,WEST BENGAL,BIRBHUM,8,19,0,1,2,0,0,0,0,0,0,1,0,0,TMC,BJP,45.13,38.99,6.14
88,WEST BENGAL,BIRBHUM,8,50,0,,,0,0,1,1,1,,1,0,0,TMC,BJP,45.13,38.99,6.14
89,WEST BENGAL,BIRBHUM,8,47,0,0,3,,0,0,0,0,0,1,0,0,TMC,BJP,45.13,38.99,6.14
90,WEST BENGAL,BIRBHUM,8,41,1,0,3,0,,2,1,,1,1,0,0,TMC,BJP,45.13,38.99,6.14
91,WEST BENGAL,BIRBHUM,8,26,1,1,,0,0,0,0,0,0,1,0,0,TMC,BJP,45.13,38.99,6.14
92,WEST BENGAL,BIRBHUM,8,32,1,0,4,,,1,1,1,,1,0,0,TMC,BJP,45.13,38.99,6.14
93,WEST BENGAL,BIRBHUM,8,73,1,1,,0,0,2,1,,1,1,0,0,TMC,BJP,45.13,38.99,6.14
94,WEST BENGAL,BIRBHUM,8,55,1,1,,0,0,0,0,0,0,1,0,0,TMC,BJP,45.13,38.99,6.14
95,WEST BENGAL,BIRBHUM,8,56,0,1,4,,,2,1,,1,1,0,0,TMC,BJP,45.13,38.99,6.14
96,WEST BENGAL,BIRBHUM,8,29,0,0,3,,0,1,1,1,,1,0,0,TMC,BJP,45.13,38.99,6.14
97,WEST BENGAL,BOLPUR (SC),9,33,1,1,3,0,0,2,1,,1,0,0,1,TMC,BJP,47.85,40.57,7.28
98,WEST BENGAL,BOLPUR (SC),9,27,1,1,3,0,0,1,1,1,,0,0,1,TMC,BJP,47.85,40.57,7.28
99,WEST BENGAL,BOLPUR (SC),9,30,0,1,3,0,0,0,0,0,0,0,0,1,TMC,BJP,47.85,40.57,7.28
100,WEST BENGAL,BOLPUR (SC),9,36,1,1,5,0,0,2,1,,1,0,0,1,TMC,BJP,47.85,40.57,7.28
101,WEST BENGAL,BOLPUR (SC),9,54,0,1,3,0,0,0,0,0,0,0,0,1,TMC,BJP,47.85,40.57,7.28
102,WEST BENGAL,BOLPUR (SC),9,28,0,1,4,0,0,0,0,0,0,0,0,1,TMC,BJP,47.85,40.57,7.28
103,WEST BENGAL,BOLPUR (SC),9,64,0,1,2,0,0,1,1,1,,0,0,1,TMC,BJP,47.85,40.57,7.28
104,WEST BENGAL,BOLPUR (SC),9,22,1,1,4,1,1,2,1,,1,0,0,1,TMC,BJP,47.85,40.57,7.28
105,WEST BENGAL,BOLPUR (SC),9,20,1,1,3,0,0,1,1,1,,0,0,1,TMC,BJP,47.85,40.57,7.28
106,WEST BENGAL,BOLPUR (SC),9,37,0,1,3,0,0,0,0,0,0,0,0,1,TMC,BJP,47.85,40.57,7.28
107,WEST BENGAL,BOLPUR (SC),9,25,1,1,4,0,0,2,1,,1,0,0,1,TMC,BJP,47.85,40.57,7.28
108,WEST BENGAL,BOLPUR (SC),9,32,0,1,4,0,0,1,1,1,,0,0,1,TMC,BJP,47.85,40.57,7.28
109,WEST BENGAL,DARJEELING,10,41,1,1,0,0,0,1,1,1,,0,1,0,BJP,TMC,59.19,26.56,32.63
110,WEST BENGAL,DARJEELING,10,22,0,1,1,0,,1,1,1,,0,1,0,BJP,TMC,59.19,26.56,32.63
111,WEST BENGAL,DARJEELING,10,50,1,1,1,0,0,0,0,0,0,0,1,0,BJP,TMC,59.19,26.56,32.63
112,WEST BENGAL,DARJEELING,10,38,0,1,0,0,0,2,1,,1,0,1,0,BJP,TMC,59.19,26.56,32.63
113,WEST BENGAL,DARJEELING,10,43,1,0,,0,0,2,1,,1,0,1,0,BJP,TMC,59.19,26.56,32.63
114,WEST BENGAL,DARJEELING,10,31,1,0,,,,0,0,0,0,0,1,0,BJP,TMC,59.19,26.56,32.63
115,WEST BENGAL,DARJEELING,10,51,0,0,1,,,2,1,,1,0,1,0,BJP,TMC,59.19,26.56,32.63
116,WEST BENGAL,DARJEELING,10,39,0,,,,,1,1,1,,0,1,0,BJP,TMC,59.19,26.56,32.63
117,WEST BENGAL,DARJEELING,10,35,0,0,1,0,0,0,0,0,0,0,1,0,BJP,TMC,59.19,26.56,32.63
118,WEST BENGAL,DARJEELING,10,29,1,0,2,,,2,1,,1,0,1,0,BJP,TMC,59.19,26.56,32.63
119,WEST BENGAL,DARJEELING,10,45,0,1,,1,1,1,1,1,,0,1,0,BJP,TMC,59.19,26.56,32.63
120,WEST BENGAL,DARJEELING,10,34,1,1,,0,0,0,0,0,0,0,1,0,BJP,TMC,59.19,26.56,32.63
121,WEST BENGAL,DARJEELING,11,34,1,,,,,2,1,,1,0,1,0,BJP,TMC,59.19,26.56,32.63
122,WEST BENGAL,DARJEELING,11,47,1,1,1,,,0,0,0,0,0,1,0,BJP,TMC,59.19,26.56,32.63
123,WEST BENGAL,DARJEELING,11,32,0,1,,0,0,1,1,1,,0,1,0,BJP,TMC,59.19,26.56,32.63
124,WEST BENGAL,DARJEELING,11,46,1,0,2,0,1,2,1,,1,0,1,0,BJP,TMC,59.19,26.56,32.63
125,WEST BENGAL,DARJEELING,11,61,0,1,2,0,0,1,1,1,,0,1,0,BJP,TMC,59.19,26.56,32.63
126,WEST BENGAL,DARJEELING,11,41,0,1,,0,,0,0,0,0,0,1,0,BJP,TMC,59.19,26.56,32.63
127,WEST BENGAL,DARJEELING,11,37,1,,,0,,2,1,,1,0,1,0,BJP,TMC,59.19,26.56,32.63
128,WEST BENGAL,DARJEELING,11,31,1,1,,,,1,1,1,,0,1,0,BJP,TMC,59.19,26.56,32.63
129,WEST BENGAL,DARJEELING,11,47,0,0,2,0,0,0,0,0,0,0,1,0,BJP,TMC,59.19,26.56,32.63
130,WEST BENGAL,DARJEELING,11,66,0,1,,0,0,1,1,1,,0,1,0,BJP,TMC,59.19,26.56,32.63
131,WEST BENGAL,DARJEELING,11,59,0,1,3,0,0,0,0,0,0,0,1,0,BJP,TMC,59.19,26.56,32.63
132,WEST BENGAL,DARJEELING,11,60,1,0,,0,0,2,1,,1,0,1,0,BJP,TMC,59.19,26.56,32.63
133,WEST BENGAL,DARJEELING,12,75,0,0,2,1,1,1,1,1,,0,1,0,BJP,TMC,59.19,26.56,32.63
134,WEST BENGAL,DARJEELING,12,44,1,1,2,1,0,2,1,,1,0,1,0,BJP,TMC,59.19,26.56,32.63
135,WEST BENGAL,DARJEELING,12,27,0,1,2,1,,1,1,1,,0,1,0,BJP,TMC,59.19,26.56,32.63
136,WEST BENGAL,DARJEELING,12,70,1,0,,0,0,1,1,1,,0,1,0,BJP,TMC,59.19,26.56,32.63
137,WEST BENGAL,DARJEELING,12,46,0,1,2,0,,0,0,0,0,0,1,0,BJP,TMC,59.19,26.56,32.63
138,WEST BENGAL,DARJEELING,12,55,1,1,,0,0,2,1,,1,0,1,0,BJP,TMC,59.19,26.56,32.63
139,WEST BENGAL,DARJEELING,12,52,1,0,1,0,1,0,0,0,0,0,1,0,BJP,TMC,59.19,26.56,32.63
140,WEST BENGAL,DARJEELING,12,61,1,1,,1,1,2,1,,1,0,1,0,BJP,TMC,59.19,26.56,32.63
141,WEST BENGAL,DARJEELING,12,31,0,0,2,0,0,0,0,0,0,0,1,0,BJP,TMC,59.19,26.56,32.63
142,WEST BENGAL,DARJEELING,12,23,0,1,,0,1,1,1,1,,0,1,0,BJP,TMC,59.19,26.56,32.63
143,WEST BENGAL,DARJEELING,12,26,0,0,,,,0,0,0,0,0,1,0,BJP,TMC,59.19,26.56,32.63
144,WEST BENGAL,DARJEELING,12,58,1,,,1,,2,1,,1,0,1,0,BJP,TMC,59.19,26.56,32.63
145,WEST BENGAL,DARJEELING,13,51,1,1,2,,,2,1,,1,0,1,0,BJP,TMC,59.19,26.56,32.63
146,WEST BENGAL,DARJEELING,13,41,1,0,,,,1,1,1,,0,1,0,BJP,TMC,59.19,26.56,32.63
147,WEST BENGAL,DARJEELING,13,66,0,0,0,,0,0,0,0,0,0,1,0,BJP,TMC,59.19,26.56,32.63
148,WEST BENGAL,DARJEELING,13,26,0,1,0,0,0,0,0,0,0,0,1,0,BJP,TMC,59.19,26.56,32.63
149,WEST BENGAL,DARJEELING,13,36,1,1,,,,2,1,,1,0,1,0,BJP,TMC,59.19,26.56,32.63
150,WEST BENGAL,DARJEELING,13,56,0,,3,,,0,0,0,0,0,1,0,BJP,TMC,59.19,26.56,32.63
151,WEST BENGAL,DARJEELING,13,64,0,1,3,1,0,1,1,1,,0,1,0,BJP,TMC,59.19,26.56,32.63
152,WEST BENGAL,DARJEELING,13,38,1,1,,0,,1,1,1,,0,1,0,BJP,TMC,59.19,26.56,32.63
153,WEST BENGAL,DARJEELING,13,53,0,1,2,0,0,2,1,,1,0,1,0,BJP,TMC,59.19,26.56,32.63
154,WEST BENGAL,DARJEELING,13,44,0,1,2,,,2,1,,1,0,1,0,BJP,TMC,59.19,26.56,32.63
155,WEST BENGAL,DARJEELING,13,35,1,0,,0,,1,1,1,,0,1,0,BJP,TMC,59.19,26.56,32.63
156,WEST BENGAL,DARJEELING,13,35,1,1,2,,,0,0,0,0,0,1,0,BJP,TMC,59.19,26.56,32.63
157,WEST BENGAL,DARJEELING,14,45,1,1,,,,1,1,1,,0,1,0,BJP,TMC,59.19,26.56,32.63
158,WEST BENGAL,DARJEELING,14,28,0,1,4,0,0,0,0,0,0,0,1,0,BJP,TMC,59.19,26.56,32.63
159,WEST BENGAL,DARJEELING,14,50,1,1,4,0,0,1,1,1,,0,1,0,BJP,TMC,59.19,26.56,32.63
160,WEST BENGAL,DARJEELING,14,43,0,,,0,,1,1,1,,0,1,0,BJP,TMC,59.19,26.56,32.63
161,WEST BENGAL,DARJEELING,14,37,0,0,2,1,1,0,0,0,0,0,1,0,BJP,TMC,59.19,26.56,32.63
162,WEST BENGAL,DARJEELING,14,44,0,1,3,,,2,1,,1,0,1,0,BJP,TMC,59.19,26.56,32.63
163,WEST BENGAL,DARJEELING,14,58,0,1,2,0,0,2,1,,1,0,1,0,BJP,TMC,59.19,26.56,32.63
164,WEST BENGAL,DARJEELING,14,34,0,1,1,,,2,1,,1,0,1,0,BJP,TMC,59.19,26.56,32.63
165,WEST BENGAL,DARJEELING,14,31,1,1,,,,0,0,0,0,0,1,0,BJP,TMC,59.19,26.56,32.63
166,WEST BENGAL,DARJEELING,14,32,1,1,0,0,0,0,0,0,0,0,1,0,BJP,TMC,59.19,26.56,32.63
167,WEST BENGAL,DARJEELING,14,46,1,0,,,0,1,1,1,,0,1,0,BJP,TMC,59.19,26.56,32.63
168,WEST BENGAL,DARJEELING,14,37,1,1,3,0,0,2,1,,1,0,1,0,BJP,TMC,59.19,26.56,32.63
169,WEST BENGAL,DARJEELING,15,42,1,1,,0,0,2,1,,1,0,1,0,BJP,TMC,59.19,26.56,32.63
170,WEST BENGAL,DARJEELING,15,35,1,1,3,,,0,0,0,0,0,1,0,BJP,TMC,59.19,26.56,32.63
171,WEST BENGAL,DARJEELING,15,47,0,1,,,,1,1,1,,0,1,0,BJP,TMC,59.19,26.56,32.63
172,WEST BENGAL,DARJEELING,15,36,0,1,,1,1,1,1,1,,0,1,0,BJP,TMC,59.19,26.56,32.63
173,WEST BENGAL,DARJEELING,15,42,0,1,2,1,1,2,1,,1,0,1,0,BJP,TMC,59.19,26.56,32.63
174,WEST BENGAL,DARJEELING,15,32,1,0,,0,,2,1,,1,0,1,0,BJP,TMC,59.19,26.56,32.63
175,WEST BENGAL,DARJEELING,15,38,1,,1,,,0,0,0,0,0,1,0,BJP,TMC,59.19,26.56,32.63
176,WEST BENGAL,DARJEELING,15,38,1,1,3,,,1,1,1,,0,1,0,BJP,TMC,59.19,26.56,32.63
177,WEST BENGAL,DARJEELING,15,41,0,0,,0,1,0,0,0,0,0,1,0,BJP,TMC,59.19,26.56,32.63
178,WEST BENGAL,DARJEELING,15,22,0,0,3,0,0,2,1,,1,0,1,0,BJP,TMC,59.19,26.56,32.63
179,WEST BENGAL,DARJEELING,15,59,1,1,3,,,0,0,0,0,0,1,0,BJP,TMC,59.19,26.56,32.63
180,WEST BENGAL,DARJEELING,15,58,0,1,4,0,0,1,1,1,,0,1,0,BJP,TMC,59.19,26.56,32.63
181,WEST BENGAL,DARJEELING,16,52,1,0,2,,,1,1,1,,0,1,0,BJP,TMC,59.19,26.56,32.63
182,WEST BENGAL,DARJEELING,16,38,0,1,2,,,0,0,0,0,0,1,0,BJP,TMC,59.19,26.56,32.63
183,WEST BENGAL,DARJEELING,16,39,1,0,,,0,2,1,,1,0,1,0,BJP,TMC,59.19,26.56,32.63
184,WEST BENGAL,DARJEELING,16,41,0,1,2,0,,0,0,0,0,0,1,0,BJP,TMC,59.19,26.56,32.63
185,WEST BENGAL,DARJEELING,16,32,0,1,1,0,0,1,1,1,,0,1,0,BJP,TMC,59.19,26.56,32.63
186,WEST BENGAL,DARJEELING,16,67,1,0,3,0,0,2,1,,1,0,1,0,BJP,TMC,59.19,26.56,32.63
187,WEST BENGAL,DARJEELING,16,27,0,1,3,0,0,2,1,,1,0,1,0,BJP,TMC,59.19,26.56,32.63
188,WEST BENGAL,DARJEELING,16,34,1,0,,,0,0,0,0,0,0,1,0,BJP,TMC,59.19,26.56,32.63
189,WEST BENGAL,DARJEELING,16,36,1,1,3,,,1,1,1,,0,1,0,BJP,TMC,59.19,26.56,32.63
190,WEST BENGAL,DARJEELING,16,49,0,1,3,0,0,0,0,0,0,0,1,0,BJP,TMC,59.19,26.56,32.63
191,WEST BENGAL,DARJEELING,16,27,1,0,2,0,0,1,1,1,,0,1,0,BJP,TMC,59.19,26.56,32.63
192,WEST BENGAL,DARJEELING,16,36,0,1,4,0,0,2,1,,1,0,1,0,BJP,TMC,59.19,26.56,32.63
193,WEST BENGAL,DARJEELING,17,28,0,1,4,1,0,0,0,0,0,0,1,0,BJP,TMC,59.19,26.56,32.63
194,WEST BENGAL,DARJEELING,17,37,0,1,2,,0,0,0,0,0,0,1,0,BJP,TMC,59.19,26.56,32.63
195,WEST BENGAL,DARJEELING,17,31,1,0,,,0,1,1,1,,0,1,0,BJP,TMC,59.19,26.56,32.63
196,WEST BENGAL,DARJEELING,17,34,1,1,4,0,0,2,1,,1,0,1,0,BJP,TMC,59.19,26.56,32.63
197,WEST BENGAL,DARJEELING,17,23,0,1,4,0,0,1,1,1,,0,1,0,BJP,TMC,59.19,26.56,32.63
198,WEST BENGAL,DARJEELING,17,41,1,1,,0,0,2,1,,1,0,1,0,BJP,TMC,59.19,26.56,32.63
199,WEST BENGAL,DARJEELING,17,32,1,1,4,0,0,0,0,0,0,0,1,0,BJP,TMC,59.19,26.56,32.63
200,WEST BENGAL,DARJEELING,17,47,0,1,3,0,,1,1,1,,0,1,0,BJP,TMC,59.19,26.56,32.63
201,WEST BENGAL,DARJEELING,17,45,0,1,3,,,2,1,,1,0,1,0,BJP,TMC,59.19,26.56,32.63
202,WEST BENGAL,DARJEELING,17,38,1,1,,,,1,1,1,,0,1,0,BJP,TMC,59.19,26.56,32.63
203,WEST BENGAL,DARJEELING,17,33,1,1,4,0,0,0,0,0,0,0,1,0,BJP,TMC,59.19,26.56,32.63
204,WEST BENGAL,DARJEELING,17,52,0,,3,1,1,2,1,,1,0,1,0,BJP,TMC,59.19,26.56,32.63
205,WEST BENGAL,DARJEELING,18,36,1,1,1,,,1,1,1,,0,1,0,BJP,TMC,59.19,26.56,32.63
206,WEST BENGAL,DARJEELING,18,27,1,1,5,0,1,1,1,1,,0,1,0,BJP,TMC,59.19,26.56,32.63
207,WEST BENGAL,DARJEELING,18,27,0,1,3,,,0,0,0,0,0,1,0,BJP,TMC,59.19,26.56,32.63
208,WEST BENGAL,DARJEELING,18,37,0,0,,0,0,2,1,,1,0,1,0,BJP,TMC,59.19,26.56,32.63
209,WEST BENGAL,DARJEELING,18,42,1,1,3,0,0,0,0,0,0,0,1,0,BJP,TMC,59.19,26.56,32.63
210,WEST BENGAL,DARJEELING,18,45,0,1,3,0,0,0,0,0,0,0,1,0,BJP,TMC,59.19,26.56,32.63
211,WEST BENGAL,DARJEELING,18,23,1,0,,0,0,1,1,1,,0,1,0,BJP,TMC,59.19,26.56,32.63
212,WEST BENGAL,DARJEELING,18,34,0,1,2,0,,2,1,,1,0,1,0,BJP,TMC,59.19,26.56,32.63
213,WEST BENGAL,DARJEELING,18,31,1,1,,,,2,1,,1,0,1,0,BJP,TMC,59.19,26.56,32.63
214,WEST BENGAL,DARJEELING,18,46,0,1,,0,,0,0,0,0,0,1,0,BJP,TMC,59.19,26.56,32.63
215,WEST BENGAL,DARJEELING,18,42,1,1,4,0,0,1,1,1,,0,1,0,BJP,TMC,59.19,26.56,32.63
216,WEST BENGAL,DARJEELING,18,28,0,0,3,0,0,2,1,,1,0,1,0,BJP,TMC,59.19,26.56,32.63
217,WEST BENGAL,SREERAMPUR,19,40,0,1,,0,0,0,0,0,0,0,0,1,TMC,BJP,45.5,38.47,7.03
218,WEST BENGAL,SREERAMPUR,19,54,0,1,,,,0,0,0,0,0,0,1,TMC,BJP,45.5,38.47,7.03
219,WEST BENGAL,SREERAMPUR,19,29,1,1,,1,0,2,1,,1,0,0,1,TMC,BJP,45.5,38.47,7.03
220,WEST BENGAL,SREERAMPUR,19,42,1,0,,,,1,1,1,,0,0,1,TMC,BJP,45.5,38.47,7.03
221,WEST BENGAL,SREERAMPUR,19,27,1,,,,,1,1,1,,0,0,1,TMC,BJP,45.5,38.47,7.03
222,WEST BENGAL,SREERAMPUR,19,41,0,1,,1,1,2,1,,1,0,0,1,TMC,BJP,45.5,38.47,7.03
223,WEST BENGAL,SREERAMPUR,19,65,1,1,,,,2,1,,1,0,0,1,TMC,BJP,45.5,38.47,7.03
224,WEST BENGAL,SREERAMPUR,19,50,0,1,,,,0,0,0,0,0,0,1,TMC,BJP,45.5,38.47,7.03
225,WEST BENGAL,SREERAMPUR,19,45,1,1,,0,0,1,1,1,,0,0,1,TMC,BJP,45.5,38.47,7.03
226,WEST BENGAL,SREERAMPUR,19,31,1,,,,,2,1,,1,0,0,1,TMC,BJP,45.5,38.47,7.03
227,WEST BENGAL,SREERAMPUR,19,19,0,1,,1,0,1,1,1,,0,0,1,TMC,BJP,45.5,38.47,7.03
228,WEST BENGAL,SREERAMPUR,19,48,0,1,,0,0,0,0,0,0,0,0,1,TMC,BJP,45.5,38.47,7.03
229,WEST BENGAL,SREERAMPUR,20,33,0,,,,,2,1,,1,0,0,1,TMC,BJP,45.5,38.47,7.03
230,WEST BENGAL,SREERAMPUR,20,50,0,1,,,,1,1,1,,0,0,1,TMC,BJP,45.5,38.47,7.03
231,WEST BENGAL,SREERAMPUR,20,43,1,1,2,0,0,0,0,0,0,0,0,1,TMC,BJP,45.5,38.47,7.03
232,WEST BENGAL,SREERAMPUR,20,35,1,,,,,0,0,0,0,0,0,1,TMC,BJP,45.5,38.47,7.03
233,WEST BENGAL,SREERAMPUR,20,48,0,0,,,,2,1,,1,0,0,1,TMC,BJP,45.5,38.47,7.03
234,WEST BENGAL,SREERAMPUR,20,21,0,1,3,,,0,0,0,0,0,0,1,TMC,BJP,45.5,38.47,7.03
235,WEST BENGAL,SREERAMPUR,20,39,1,1,,,,1,1,1,,0,0,1,TMC,BJP,45.5,38.47,7.03
236,WEST BENGAL,SREERAMPUR,20,47,1,1,3,0,0,1,1,1,,0,0,1,TMC,BJP,45.5,38.47,7.03
237,WEST BENGAL,SREERAMPUR,20,28,1,1,3,0,0,2,1,,1,0,0,1,TMC,BJP,45.5,38.47,7.03
238,WEST BENGAL,SREERAMPUR,20,58,0,1,3,0,0,0,0,0,0,0,0,1,TMC,BJP,45.5,38.47,7.03
239,WEST BENGAL,SREERAMPUR,20,33,1,1,3,0,0,2,1,,1,0,0,1,TMC,BJP,45.5,38.47,7.03
240,WEST BENGAL,SREERAMPUR,20,25,0,1,,,,1,1,1,,0,0,1,TMC,BJP,45.5,38.47,7.03
241,WEST BENGAL,SREERAMPUR,21,42,0,1,,,,1,1,1,,0,0,1,TMC,BJP,45.5,38.47,7.03
242,WEST BENGAL,SREERAMPUR,21,34,1,1,,1,,2,1,,1,0,0,1,TMC,BJP,45.5,38.47,7.03
243,WEST BENGAL,SREERAMPUR,21,50,0,1,,0,1,0,0,0,0,0,0,1,TMC,BJP,45.5,38.47,7.03
244,WEST BENGAL,SREERAMPUR,21,41,0,0,,,1,0,0,0,0,0,0,1,TMC,BJP,45.5,38.47,7.03
245,WEST BENGAL,SREERAMPUR,21,69,0,1,,0,0,1,1,1,,0,0,1,TMC,BJP,45.5,38.47,7.03
246,WEST BENGAL,SREERAMPUR,21,52,0,1,,1,,0,0,0,0,0,0,1,TMC,BJP,45.5,38.47,7.03
247,WEST BENGAL,SREERAMPUR,21,44,1,1,,,,1,1,1,,0,0,1,TMC,BJP,45.5,38.47,7.03
248,WEST BENGAL,SREERAMPUR,21,53,1,1,,0,,2,1,,1,0,0,1,TMC,BJP,45.5,38.47,7.03
249,WEST BENGAL,SREERAMPUR,21,40,1,1,,1,,2,1,,1,0,0,1,TMC,BJP,45.5,38.47,7.03
250,WEST BENGAL,SREERAMPUR,21,21,1,1,,,,0,0,0,0,0,0,1,TMC,BJP,45.5,38.47,7.03
251,WEST BENGAL,SREERAMPUR,21,40,0,1,,0,0,2,1,,1,0,0,1,TMC,BJP,45.5,38.47,7.03
252,WEST BENGAL,SREERAMPUR,21,70,1,0,,0,0,1,1,1,,0,0,1,TMC,BJP,45.5,38.47,7.03
253,WEST BENGAL,HOWRAH,22,48,1,,,,,2,1,,1,0,0,1,TMC,BJP,47.18,38.7,8.48
254,WEST BENGAL,HOWRAH,22,20,1,1,2,,,2,1,,1,0,0,1,TMC,BJP,47.18,38.7,8.48
255,WEST BENGAL,HOWRAH,22,40,0,1,,,,1,1,1,,0,0,1,TMC,BJP,47.18,38.7,8.48
256,WEST BENGAL,HOWRAH,22,37,1,,,,,2,1,,1,0,0,1,TMC,BJP,47.18,38.7,8.48
257,WEST BENGAL,HOWRAH,22,40,0,,,1,1,0,0,0,0,0,0,1,TMC,BJP,47.18,38.7,8.48
258,WEST BENGAL,HOWRAH,22,55,0,1,2,,0,1,1,1,,0,0,1,TMC,BJP,47.18,38.7,8.48
259,WEST BENGAL,HOWRAH,22,22,0,1,3,0,,0,0,0,0,0,0,1,TMC,BJP,47.18,38.7,8.48
260,WEST BENGAL,HOWRAH,22,40,1,1,,,,1,1,1,,0,0,1,TMC,BJP,47.18,38.7,8.48
261,WEST BENGAL,HOWRAH,22,33,1,1,3,,,0,0,0,0,0,0,1,TMC,BJP,47.18,38.7,8.48
262,WEST BENGAL,HOWRAH,22,53,0,1,4,,0,2,1,,1,0,0,1,TMC,BJP,47.18,38.7,8.48
263,WEST BENGAL,HOWRAH,22,48,0,1,3,0,0,0,0,0,0,0,0,1,TMC,BJP,47.18,38.7,8.48
264,WEST BENGAL,HOWRAH,22,50,1,,,,,1,1,1,,0,0,1,TMC,BJP,47.18,38.7,8.48
265,WEST BENGAL,ULUBERIA,23,53,0,1,,,,1,1,1,,0,0,1,TMC,BJP,53,36.58,16.42
266,WEST BENGAL,ULUBERIA,23,40,1,,,,,1,1,1,,0,0,1,TMC,BJP,53,36.58,16.42
267,WEST BENGAL,ULUBERIA,23,22,1,1,,1,1,2,1,,1,0,0,1,TMC,BJP,53,36.58,16.42
268,WEST BENGAL,ULUBERIA,23,42,0,1,,,,1,1,1,,0,0,1,TMC,BJP,53,36.58,16.42
269,WEST BENGAL,ULUBERIA,23,47,0,1,,1,0,2,1,,1,0,0,1,TMC,BJP,53,36.58,16.42
270,WEST BENGAL,ULUBERIA,23,25,1,1,,0,0,2,1,,1,0,0,1,TMC,BJP,53,36.58,16.42
271,WEST BENGAL,ULUBERIA,23,20,1,1,,1,1,0,0,0,0,0,0,1,TMC,BJP,53,36.58,16.42
272,WEST BENGAL,ULUBERIA,23,45,1,,,,,0,0,0,0,0,0,1,TMC,BJP,53,36.58,16.42
273,WEST BENGAL,ULUBERIA,23,45,0,,,,,0,0,0,0,0,0,1,TMC,BJP,53,36.58,16.42
274,WEST BENGAL,ULUBERIA,23,39,1,1,,0,,0,0,0,0,0,0,1,TMC,BJP,53,36.58,16.42
275,WEST BENGAL,ULUBERIA,23,35,0,,,,,1,1,1,,0,0,1,TMC,BJP,53,36.58,16.42
276,WEST BENGAL,ULUBERIA,23,43,0,1,,,0,2,1,,1,0,0,1,TMC,BJP,53,36.58,16.42
277,WEST BENGAL,ULUBERIA,24,39,0,1,,,,2,1,,1,0,0,1,TMC,BJP,53,36.58,16.42
278,WEST BENGAL,ULUBERIA,24,40,0,1,,0,0,2,1,,1,0,0,1,TMC,BJP,53,36.58,16.42
279,WEST BENGAL,ULUBERIA,24,44,1,1,,,,1,1,1,,0,0,1,TMC,BJP,53,36.58,16.42
280,WEST BENGAL,ULUBERIA,24,63,1,0,,1,1,1,1,1,,0,0,1,TMC,BJP,53,36.58,16.42
281,WEST BENGAL,ULUBERIA,24,52,1,1,,,0,0,0,0,0,0,0,1,TMC,BJP,53,36.58,16.42
282,WEST BENGAL,ULUBERIA,24,52,0,1,,1,1,0,0,0,0,0,0,1,TMC,BJP,53,36.58,16.42
283,WEST BENGAL,ULUBERIA,24,37,0,1,,,,0,0,0,0,0,0,1,TMC,BJP,53,36.58,16.42
284,WEST BENGAL,ULUBERIA,24,47,0,1,,0,1,2,1,,1,0,0,1,TMC,BJP,53,36.58,16.42
285,WEST BENGAL,ULUBERIA,24,34,1,1,,,,1,1,1,,0,0,1,TMC,BJP,53,36.58,16.42
286,WEST BENGAL,ULUBERIA,24,38,1,,,,,2,1,,1,0,0,1,TMC,BJP,53,36.58,16.42
287,WEST BENGAL,ULUBERIA,24,37,0,1,,1,0,0,0,0,0,0,0,1,TMC,BJP,53,36.58,16.42
288,WEST BENGAL,ULUBERIA,24,32,1,1,,,,1,1,1,,0,0,1,TMC,BJP,53,36.58,16.42
289,WEST BENGAL,HOWRAH,25,42,0,,,0,0,1,1,1,,0,0,1,TMC,BJP,47.18,38.7,8.48
290,WEST BENGAL,HOWRAH,25,55,0,1,,0,0,2,1,,1,0,0,1,TMC,BJP,47.18,38.7,8.48
291,WEST BENGAL,HOWRAH,25,57,0,1,,0,0,1,1,1,,0,0,1,TMC,BJP,47.18,38.7,8.48
292,WEST BENGAL,HOWRAH,25,38,1,,,,,1,1,1,,0,0,1,TMC,BJP,47.18,38.7,8.48
293,WEST BENGAL,HOWRAH,25,55,0,1,,1,,0,0,0,0,0,0,1,TMC,BJP,47.18,38.7,8.48
294,WEST BENGAL,HOWRAH,25,50,0,1,,0,0,2,1,,1,0,0,1,TMC,BJP,47.18,38.7,8.48
295,WEST BENGAL,HOWRAH,25,48,1,,,,,0,0,0,0,0,0,1,TMC,BJP,47.18,38.7,8.48
296,WEST BENGAL,HOWRAH,25,22,1,1,,0,,0,0,0,0,0,0,1,TMC,BJP,47.18,38.7,8.48
297,WEST BENGAL,HOWRAH,25,72,0,1,,0,0,2,1,,1,0,0,1,TMC,BJP,47.18,38.7,8.48
298,WEST BENGAL,HOWRAH,25,37,1,1,,,,1,1,1,,0,0,1,TMC,BJP,47.18,38.7,8.48
299,WEST BENGAL,HOWRAH,25,35,1,1,,0,0,0,0,0,0,0,0,1,TMC,BJP,47.18,38.7,8.48
300,WEST BENGAL,HOWRAH,25,31,1,,,,,2,1,,1,0,0,1,TMC,BJP,47.18,38.7,8.48
301,WEST BENGAL,HOWRAH,26,32,1,1,4,,0,2,1,,1,0,0,1,TMC,BJP,47.18,38.7,8.48
302,WEST BENGAL,HOWRAH,26,32,0,1,2,0,0,1,1,1,,0,0,1,TMC,BJP,47.18,38.7,8.48
303,WEST BENGAL,HOWRAH,26,52,0,1,,0,0,2,1,,1,0,0,1,TMC,BJP,47.18,38.7,8.48
304,WEST BENGAL,HOWRAH,26,32,1,1,,0,,0,0,0,0,0,0,1,TMC,BJP,47.18,38.7,8.48
305,WEST BENGAL,HOWRAH,26,72,1,1,,0,0,0,0,0,0,0,0,1,TMC,BJP,47.18,38.7,8.48
306,WEST BENGAL,HOWRAH,26,27,1,1,,0,0,0,0,0,0,0,0,1,TMC,BJP,47.18,38.7,8.48
307,WEST BENGAL,HOWRAH,26,52,1,1,,,,1,1,1,,0,0,1,TMC,BJP,47.18,38.7,8.48
308,WEST BENGAL,HOWRAH,26,26,0,1,,0,0,2,1,,1,0,0,1,TMC,BJP,47.18,38.7,8.48
309,WEST BENGAL,HOWRAH,26,40,0,1,,1,0,1,1,1,,0,0,1,TMC,BJP,47.18,38.7,8.48
310,WEST BENGAL,HOWRAH,26,63,0,1,,1,0,2,1,,1,0,0,1,TMC,BJP,47.18,38.7,8.48
311,WEST BENGAL,HOWRAH,26,57,1,0,2,0,,0,0,0,0,0,0,1,TMC,BJP,47.18,38.7,8.48
312,WEST BENGAL,HOWRAH,26,54,0,1,,0,0,1,1,1,,0,0,1,TMC,BJP,47.18,38.7,8.48
313,WEST BENGAL,ULUBERIA,27,43,0,1,,0,0,0,0,0,0,0,0,1,TMC,BJP,53,36.58,16.42
314,WEST BENGAL,ULUBERIA,27,40,1,,,,,2,1,,1,0,0,1,TMC,BJP,53,36.58,16.42
315,WEST BENGAL,ULUBERIA,27,18,0,1,,,,1,1,1,,0,0,1,TMC,BJP,53,36.58,16.42
316,WEST BENGAL,ULUBERIA,27,31,1,1,,0,0,1,1,1,,0,0,1,TMC,BJP,53,36.58,16.42
317,WEST BENGAL,ULUBERIA,27,33,0,1,,,,2,1,,1,0,0,1,TMC,BJP,53,36.58,16.42
318,WEST BENGAL,ULUBERIA,27,28,1,1,,,,0,0,0,0,0,0,1,TMC,BJP,53,36.58,16.42
319,WEST BENGAL,ULUBERIA,27,20,1,1,,0,0,1,1,1,,0,0,1,TMC,BJP,53,36.58,16.42
320,WEST BENGAL,ULUBERIA,27,24,1,1,,0,0,0,0,0,0,0,0,1,TMC,BJP,53,36.58,16.42
321,WEST BENGAL,ULUBERIA,27,34,1,1,5,1,1,2,1,,1,0,0,1,TMC,BJP,53,36.58,16.42
322,WEST BENGAL,ULUBERIA,27,41,0,1,,,,1,1,1,,0,0,1,TMC,BJP,53,36.58,16.42
323,WEST BENGAL,ULUBERIA,27,34,0,1,,0,,2,1,,1,0,0,1,TMC,BJP,53,36.58,16.42
324,WEST BENGAL,ULUBERIA,27,40,0,1,,0,0,0,0,0,0,0,0,1,TMC,BJP,53,36.58,16.42
325,WEST BENGAL,KOLKATA DAKSHIN,28,37,0,1,,0,0,1,1,1,,0,0,1,TMC,BJP,47.5,34.64,12.86
326,WEST BENGAL,KOLKATA DAKSHIN,28,60,1,1,,0,0,2,1,,1,0,0,1,TMC,BJP,47.5,34.64,12.86
327,WEST BENGAL,KOLKATA DAKSHIN,28,34,0,1,1,0,0,1,1,1,,0,0,1,TMC,BJP,47.5,34.64,12.86
328,WEST BENGAL,KOLKATA DAKSHIN,28,83,0,1,,,,0,0,0,0,0,0,1,TMC,BJP,47.5,34.64,12.86
329,WEST BENGAL,KOLKATA DAKSHIN,28,30,1,1,1,0,0,2,1,,1,0,0,1,TMC,BJP,47.5,34.64,12.86
330,WEST BENGAL,KOLKATA DAKSHIN,28,45,0,1,1,0,0,2,1,,1,0,0,1,TMC,BJP,47.5,34.64,12.86
331,WEST BENGAL,KOLKATA DAKSHIN,28,34,1,,,0,0,1,1,1,,0,0,1,TMC,BJP,47.5,34.64,12.86
332,WEST BENGAL,KOLKATA DAKSHIN,28,49,1,1,1,0,0,0,0,0,0,0,0,1,TMC,BJP,47.5,34.64,12.86
333,WEST BENGAL,KOLKATA DAKSHIN,28,52,1,1,1,0,0,0,0,0,0,0,0,1,TMC,BJP,47.5,34.64,12.86
334,WEST BENGAL,KOLKATA DAKSHIN,28,55,0,1,1,0,0,0,0,0,0,0,0,1,TMC,BJP,47.5,34.64,12.86
335,WEST BENGAL,KOLKATA DAKSHIN,28,40,1,1,1,0,0,2,1,,1,0,0,1,TMC,BJP,47.5,34.64,12.86
336,WEST BENGAL,KOLKATA DAKSHIN,28,52,0,1,2,0,0,1,1,1,,0,0,1,TMC,BJP,47.5,34.64,12.86
337,WEST BENGAL,KOLKATA DAKSHIN,29,30,1,1,,0,0,1,1,1,,0,0,1,TMC,BJP,47.5,34.64,12.86
338,WEST BENGAL,KOLKATA DAKSHIN,29,32,1,1,1,0,0,0,0,0,0,0,0,1,TMC,BJP,47.5,34.64,12.86
339,WEST BENGAL,KOLKATA DAKSHIN,29,30,0,1,1,0,0,0,0,0,0,0,0,1,TMC,BJP,47.5,34.64,12.86
340,WEST BENGAL,KOLKATA DAKSHIN,29,59,1,1,,0,0,2,1,,1,0,0,1,TMC,BJP,47.5,34.64,12.86
341,WEST BENGAL,KOLKATA DAKSHIN,29,40,1,1,1,0,0,2,1,,1,0,0,1,TMC,BJP,47.5,34.64,12.86
342,WEST BENGAL,KOLKATA DAKSHIN,29,30,1,1,1,0,0,1,1,1,,0,0,1,TMC,BJP,47.5,34.64,12.86
343,WEST BENGAL,KOLKATA DAKSHIN,29,60,0,,,0,0,2,1,,1,0,0,1,TMC,BJP,47.5,34.64,12.86
344,WEST BENGAL,KOLKATA DAKSHIN,29,39,0,1,,0,0,0,0,0,0,0,0,1,TMC,BJP,47.5,34.64,12.86
345,WEST BENGAL,KOLKATA DAKSHIN,29,22,0,1,,0,0,1,1,1,,0,0,1,TMC,BJP,47.5,34.64,12.86
346,WEST BENGAL,KOLKATA DAKSHIN,29,48,0,1,1,0,0,1,1,1,,0,0,1,TMC,BJP,47.5,34.64,12.86
347,WEST BENGAL,KOLKATA DAKSHIN,29,35,1,1,1,0,0,0,0,0,0,0,0,1,TMC,BJP,47.5,34.64,12.86
348,WEST BENGAL,KOLKATA DAKSHIN,29,29,0,1,4,0,0,2,1,,1,0,0,1,TMC,BJP,47.5,34.64,12.86
349,WEST BENGAL,KOLKATA DAKSHIN,30,70,0,1,,,,0,0,0,0,0,0,1,TMC,BJP,47.5,34.64,12.86
350,WEST BENGAL,KOLKATA DAKSHIN,30,47,1,1,,,,2,1,,1,0,0,1,TMC,BJP,47.5,34.64,12.86
351,WEST BENGAL,KOLKATA DAKSHIN,30,50,0,1,1,0,0,2,1,,1,0,0,1,TMC,BJP,47.5,34.64,12.86
352,WEST BENGAL,KOLKATA DAKSHIN,30,29,1,1,,0,0,1,1,1,,0,0,1,TMC,BJP,47.5,34.64,12.86
353,WEST BENGAL,KOLKATA DAKSHIN,30,29,0,1,3,0,0,0,0,0,0,0,0,1,TMC,BJP,47.5,34.64,12.86
354,WEST BENGAL,KOLKATA DAKSHIN,30,37,0,1,,,,1,1,1,,0,0,1,TMC,BJP,47.5,34.64,12.86
355,WEST BENGAL,KOLKATA DAKSHIN,30,42,0,1,2,0,0,1,1,1,,0,0,1,TMC,BJP,47.5,34.64,12.86
356,WEST BENGAL,KOLKATA DAKSHIN,30,45,1,0,,0,0,2,1,,1,0,0,1,TMC,BJP,47.5,34.64,12.86
357,WEST BENGAL,KOLKATA DAKSHIN,30,19,0,1,2,0,0,0,0,0,0,0,0,1,TMC,BJP,47.5,34.64,12.86
358,WEST BENGAL,KOLKATA DAKSHIN,30,29,1,1,,,,0,0,0,0,0,0,1,TMC,BJP,47.5,34.64,12.86
359,WEST BENGAL,KOLKATA DAKSHIN,30,21,1,1,2,0,0,1,1,1,,0,0,1,TMC,BJP,47.5,34.64,12.86
360,WEST BENGAL,KOLKATA DAKSHIN,30,21,1,1,,,,2,1,,1,0,0,1,TMC,BJP,47.5,34.64,12.86
361,WEST BENGAL,KOLKATA DAKSHIN,31,37,1,1,,0,0,2,1,,1,0,0,1,TMC,BJP,47.5,34.64,12.86
362,WEST BENGAL,KOLKATA DAKSHIN,31,47,0,1,2,0,0,2,1,,1,0,0,1,TMC,BJP,47.5,34.64,12.86
363,WEST BENGAL,KOLKATA DAKSHIN,31,34,0,1,,1,0,0,0,0,0,0,0,1,TMC,BJP,47.5,34.64,12.86
364,WEST BENGAL,KOLKATA DAKSHIN,31,31,1,1,2,0,0,0,0,0,0,0,0,1,TMC,BJP,47.5,34.64,12.86
365,WEST BENGAL,KOLKATA DAKSHIN,31,30,1,1,1,,,2,1,,1,0,0,1,TMC,BJP,47.5,34.64,12.86
366,WEST BENGAL,KOLKATA DAKSHIN,31,63,0,1,3,0,0,1,1,1,,0,0,1,TMC,BJP,47.5,34.64,12.86
367,WEST BENGAL,KOLKATA DAKSHIN,31,57,0,1,0,,,1,1,1,,0,0,1,TMC,BJP,47.5,34.64,12.86
368,WEST BENGAL,KOLKATA DAKSHIN,31,29,0,,1,0,0,1,1,1,,0,0,1,TMC,BJP,47.5,34.64,12.86
369,WEST BENGAL,KOLKATA DAKSHIN,31,43,1,1,,0,0,0,0,0,0,0,0,1,TMC,BJP,47.5,34.64,12.86
370,WEST BENGAL,KOLKATA DAKSHIN,31,59,1,1,,0,0,1,1,1,,0,0,1,TMC,BJP,47.5,34.64,12.86
371,WEST BENGAL,KOLKATA DAKSHIN,31,57,1,1,,0,0,2,1,,1,0,0,1,TMC,BJP,47.5,34.64,12.86
372,WEST BENGAL,KOLKATA DAKSHIN,31,26,0,1,2,0,0,0,0,0,0,0,0,1,TMC,BJP,47.5,34.64,12.86
373,WEST BENGAL,KOLKATA DAKSHIN,32,39,0,1,3,0,0,0,0,0,0,0,0,1,TMC,BJP,47.5,34.64,12.86
374,WEST BENGAL,KOLKATA DAKSHIN,32,37,1,1,1,0,0,1,1,1,,0,0,1,TMC,BJP,47.5,34.64,12.86
375,WEST BENGAL,KOLKATA DAKSHIN,32,37,1,1,1,0,0,0,0,0,0,0,0,1,TMC,BJP,47.5,34.64,12.86
376,WEST BENGAL,KOLKATA DAKSHIN,32,37,1,1,1,0,0,1,1,1,,0,0,1,TMC,BJP,47.5,34.64,12.86
377,WEST BENGAL,KOLKATA DAKSHIN,32,36,0,1,,0,0,0,0,0,0,0,0,1,TMC,BJP,47.5,34.64,12.86
378,WEST BENGAL,KOLKATA DAKSHIN,32,30,0,1,3,0,0,2,1,,1,0,0,1,TMC,BJP,47.5,34.64,12.86
379,WEST BENGAL,KOLKATA DAKSHIN,32,28,1,1,1,0,0,2,1,,1,0,0,1,TMC,BJP,47.5,34.64,12.86
380,WEST BENGAL,KOLKATA DAKSHIN,32,26,0,1,1,0,0,1,1,1,,0,0,1,TMC,BJP,47.5,34.64,12.86
381,WEST BENGAL,KOLKATA DAKSHIN,32,37,0,0,2,,,2,1,,1,0,0,1,TMC,BJP,47.5,34.64,12.86
382,WEST BENGAL,KOLKATA DAKSHIN,32,28,0,1,1,,,2,1,,1,0,0,1,TMC,BJP,47.5,34.64,12.86
383,WEST BENGAL,KOLKATA DAKSHIN,32,46,1,1,3,0,0,0,0,0,0,0,0,1,TMC,BJP,47.5,34.64,12.86
384,WEST BENGAL,KOLKATA DAKSHIN,32,42,1,1,3,0,0,1,1,1,,0,0,1,TMC,BJP,47.5,34.64,12.86
385,WEST BENGAL,KOLKATA DAKSHIN,33,50,1,1,,0,0,2,1,,1,0,0,1,TMC,BJP,47.5,34.64,12.86
386,WEST BENGAL,KOLKATA DAKSHIN,33,60,1,1,,0,0,1,1,1,,0,0,1,TMC,BJP,47.5,34.64,12.86
387,WEST BENGAL,KOLKATA DAKSHIN,33,40,0,1,3,0,0,0,0,0,0,0,0,1,TMC,BJP,47.5,34.64,12.86
388,WEST BENGAL,KOLKATA DAKSHIN,33,52,0,1,,0,0,0,0,0,0,0,0,1,TMC,BJP,47.5,34.64,12.86
389,WEST BENGAL,KOLKATA DAKSHIN,33,55,1,1,1,,,2,1,,1,0,0,1,TMC,BJP,47.5,34.64,12.86
390,WEST BENGAL,KOLKATA DAKSHIN,33,29,1,1,,0,0,0,0,0,0,0,0,1,TMC,BJP,47.5,34.64,12.86
391,WEST BENGAL,KOLKATA DAKSHIN,33,31,1,1,1,,,1,1,1,,0,0,1,TMC,BJP,47.5,34.64,12.86
392,WEST BENGAL,KOLKATA DAKSHIN,33,21,0,1,3,0,0,2,1,,1,0,0,1,TMC,BJP,47.5,34.64,12.86
393,WEST BENGAL,KOLKATA DAKSHIN,33,56,0,1,3,0,0,1,1,1,,0,0,1,TMC,BJP,47.5,34.64,12.86
394,WEST BENGAL,KOLKATA DAKSHIN,33,62,0,,1,0,0,0,0,0,0,0,0,1,TMC,BJP,47.5,34.64,12.86
395,WEST BENGAL,KOLKATA DAKSHIN,33,41,1,1,1,0,0,1,1,1,,0,0,1,TMC,BJP,47.5,34.64,12.86
396,WEST BENGAL,KOLKATA DAKSHIN,33,47,0,1,,0,0,2,1,,1,0,0,1,TMC,BJP,47.5,34.64,12.86
397,WEST BENGAL,KOLKATA DAKSHIN,34,45,1,1,1,0,0,2,1,,1,0,0,1,TMC,BJP,47.5,34.64,12.86
398,WEST BENGAL,KOLKATA DAKSHIN,34,52,0,1,2,0,0,1,1,1,,0,0,1,TMC,BJP,47.5,34.64,12.86
399,WEST BENGAL,KOLKATA DAKSHIN,34,23,0,1,1,0,0,0,0,0,0,0,0,1,TMC,BJP,47.5,34.64,12.86
400,WEST BENGAL,KOLKATA DAKSHIN,34,27,0,1,2,0,0,2,1,,1,0,0,1,TMC,BJP,47.5,34.64,12.86
401,WEST BENGAL,KOLKATA DAKSHIN,34,35,1,1,1,0,0,1,1,1,,0,0,1,TMC,BJP,47.5,34.64,12.86
402,WEST BENGAL,KOLKATA DAKSHIN,34,30,1,1,1,0,0,0,0,0,0,0,0,1,TMC,BJP,47.5,34.64,12.86
403,WEST BENGAL,KOLKATA DAKSHIN,34,32,0,1,2,0,0,1,1,1,,0,0,1,TMC,BJP,47.5,34.64,12.86
404,WEST BENGAL,KOLKATA DAKSHIN,34,43,0,1,1,0,0,2,1,,1,0,0,1,TMC,BJP,47.5,34.64,12.86
405,WEST BENGAL,KOLKATA DAKSHIN,34,47,0,1,1,0,0,0,0,0,0,0,0,1,TMC,BJP,47.5,34.64,12.86
406,WEST BENGAL,KOLKATA DAKSHIN,34,41,1,1,2,0,0,1,1,1,,0,0,1,TMC,BJP,47.5,34.64,12.86
407,WEST BENGAL,KOLKATA DAKSHIN,34,52,1,1,2,0,0,2,1,,1,0,0,1,TMC,BJP,47.5,34.64,12.86
408,WEST BENGAL,KOLKATA DAKSHIN,34,37,1,0,,0,0,0,0,0,0,0,0,1,TMC,BJP,47.5,34.64,12.86
409,WEST BENGAL,KOLKATA DAKSHIN,35,67,0,1,1,0,0,1,1,1,,0,0,1,TMC,BJP,47.5,34.64,12.86
410,WEST BENGAL,KOLKATA DAKSHIN,35,50,0,1,1,0,0,2,1,,1,0,0,1,TMC,BJP,47.5,34.64,12.86
411,WEST BENGAL,KOLKATA DAKSHIN,35,24,1,1,3,0,0,2,1,,1,0,0,1,TMC,BJP,47.5,34.64,12.86
412,WEST BENGAL,KOLKATA DAKSHIN,35,22,1,1,,0,0,2,1,,1,0,0,1,TMC,BJP,47.5,34.64,12.86
413,WEST BENGAL,KOLKATA DAKSHIN,35,26,1,1,1,0,0,1,1,1,,0,0,1,TMC,BJP,47.5,34.64,12.86
414,WEST BENGAL,KOLKATA DAKSHIN,35,46,1,1,,,,0,0,0,0,0,0,1,TMC,BJP,47.5,34.64,12.86
415,WEST BENGAL,KOLKATA DAKSHIN,35,55,0,1,,0,0,0,0,0,0,0,0,1,TMC,BJP,47.5,34.64,12.86
416,WEST BENGAL,KOLKATA DAKSHIN,35,46,0,1,1,0,0,0,0,0,0,0,0,1,TMC,BJP,47.5,34.64,12.86
417,WEST BENGAL,KOLKATA DAKSHIN,35,47,1,1,,0,0,1,1,1,,0,0,1,TMC,BJP,47.5,34.64,12.86
418,WEST BENGAL,KOLKATA DAKSHIN,35,40,1,1,2,0,0,2,1,,1,0,0,1,TMC,BJP,47.5,34.64,12.86
419,WEST BENGAL,KOLKATA DAKSHIN,35,26,0,1,3,0,0,0,0,0,0,0,0,1,TMC,BJP,47.5,34.64,12.86
420,WEST BENGAL,KOLKATA DAKSHIN,35,74,0,1,,0,0,1,1,1,,0,0,1,TMC,BJP,47.5,34.64,12.86
421,WEST BENGAL,KOLKATA DAKSHIN,36,37,1,1,1,0,0,0,0,0,0,0,0,1,TMC,BJP,47.5,34.64,12.86
422,WEST BENGAL,KOLKATA DAKSHIN,36,46,0,0,1,0,0,1,1,1,,0,0,1,TMC,BJP,47.5,34.64,12.86
423,WEST BENGAL,KOLKATA DAKSHIN,36,39,1,1,,0,0,1,1,1,,0,0,1,TMC,BJP,47.5,34.64,12.86
424,WEST BENGAL,KOLKATA DAKSHIN,36,55,0,1,1,0,0,2,1,,1,0,0,1,TMC,BJP,47.5,34.64,12.86
425,WEST BENGAL,KOLKATA DAKSHIN,36,37,0,1,2,,,2,1,,1,0,0,1,TMC,BJP,47.5,34.64,12.86
426,WEST BENGAL,KOLKATA DAKSHIN,36,41,1,1,,0,0,2,1,,1,0,0,1,TMC,BJP,47.5,34.64,12.86
427,WEST BENGAL,KOLKATA DAKSHIN,36,32,1,1,,0,0,0,0,0,0,0,0,1,TMC,BJP,47.5,34.64,12.86
428,WEST BENGAL,KOLKATA DAKSHIN,36,46,0,1,3,0,0,1,1,1,,0,0,1,TMC,BJP,47.5,34.64,12.86
429,WEST BENGAL,KOLKATA DAKSHIN,36,45,1,1,1,0,0,0,0,0,0,0,0,1,TMC,BJP,47.5,34.64,12.86
430,WEST BENGAL,KOLKATA DAKSHIN,36,62,0,1,,,,0,0,0,0,0,0,1,TMC,BJP,47.5,34.64,12.86
431,WEST BENGAL,KOLKATA DAKSHIN,36,43,0,1,3,0,0,1,1,1,,0,0,1,TMC,BJP,47.5,34.64,12.86
432,WEST BENGAL,KOLKATA DAKSHIN,36,29,1,1,2,0,0,2,1,,1,0,0,1,TMC,BJP,47.5,34.64,12.86
433,WEST BENGAL,JANGIPUR,37,35,0,1,3,0,0,1,1,1,,0,0,1,TMC,BJP,43.15,24.3,18.85
434,WEST BENGAL,JANGIPUR,37,37,1,1,4,0,0,0,0,0,0,0,0,1,TMC,BJP,43.15,24.3,18.85
435,WEST BENGAL,JANGIPUR,37,25,0,1,4,1,0,0,0,0,0,0,0,1,TMC,BJP,43.15,24.3,18.85
436,WEST BENGAL,JANGIPUR,37,45,1,1,2,0,0,2,1,,1,0,0,1,TMC,BJP,43.15,24.3,18.85
437,WEST BENGAL,JANGIPUR,37,47,0,1,,0,0,2,1,,1,0,0,1,TMC,BJP,43.15,24.3,18.85
438,WEST BENGAL,JANGIPUR,37,25,0,1,3,0,0,2,1,,1,0,0,1,TMC,BJP,43.15,24.3,18.85
439,WEST BENGAL,JANGIPUR,37,24,1,1,4,,0,0,0,0,0,0,0,1,TMC,BJP,43.15,24.3,18.85
440,WEST BENGAL,JANGIPUR,37,40,0,1,,,,1,1,1,,0,0,1,TMC,BJP,43.15,24.3,18.85
441,WEST BENGAL,JANGIPUR,37,34,0,1,3,0,0,1,1,1,,0,0,1,TMC,BJP,43.15,24.3,18.85
442,WEST BENGAL,JANGIPUR,37,19,1,1,4,0,0,0,0,0,0,0,0,1,TMC,BJP,43.15,24.3,18.85
443,WEST BENGAL,JANGIPUR,37,27,1,1,5,1,1,1,1,1,,0,0,1,TMC,BJP,43.15,24.3,18.85
444,WEST BENGAL,JANGIPUR,37,32,1,1,5,0,0,2,1,,1,0,0,1,TMC,BJP,43.15,24.3,18.85
445,WEST BENGAL,JANGIPUR,38,42,1,1,2,,,0,0,0,0,0,0,1,TMC,BJP,43.15,24.3,18.85
446,WEST BENGAL,JANGIPUR,38,50,1,1,5,0,0,1,1,1,,0,0,1,TMC,BJP,43.15,24.3,18.85
447,WEST BENGAL,JANGIPUR,38,65,0,1,3,0,0,1,1,1,,0,0,1,TMC,BJP,43.15,24.3,18.85
448,WEST BENGAL,JANGIPUR,38,23,1,1,4,,,0,0,0,0,0,0,1,TMC,BJP,43.15,24.3,18.85
449,WEST BENGAL,JANGIPUR,38,57,1,1,2,,,2,1,,1,0,0,1,TMC,BJP,43.15,24.3,18.85
450,WEST BENGAL,JANGIPUR,38,40,0,1,5,0,0,2,1,,1,0,0,1,TMC,BJP,43.15,24.3,18.85
451,WEST BENGAL,JANGIPUR,38,45,0,1,,,,1,1,1,,0,0,1,TMC,BJP,43.15,24.3,18.85
452,WEST BENGAL,JANGIPUR,38,30,1,1,2,0,0,2,1,,1,0,0,1,TMC,BJP,43.15,24.3,18.85
453,WEST BENGAL,JANGIPUR,38,34,0,1,4,0,1,0,0,0,0,0,0,1,TMC,BJP,43.15,24.3,18.85
454,WEST BENGAL,JANGIPUR,38,35,0,1,4,0,0,0,0,0,0,0,0,1,TMC,BJP,43.15,24.3,18.85
455,WEST BENGAL,JANGIPUR,38,42,0,1,2,0,0,2,1,,1,0,0,1,TMC,BJP,43.15,24.3,18.85
456,WEST BENGAL,JANGIPUR,38,30,1,1,5,0,0,1,1,1,,0,0,1,TMC,BJP,43.15,24.3,18.85
457,WEST BENGAL,JANGIPUR,39,25,1,1,4,0,0,1,1,1,,0,0,1,TMC,BJP,43.15,24.3,18.85
458,WEST BENGAL,JANGIPUR,39,40,1,1,,,,0,0,0,0,0,0,1,TMC,BJP,43.15,24.3,18.85
459,WEST BENGAL,JANGIPUR,39,21,0,1,,0,0,2,1,,1,0,0,1,TMC,BJP,43.15,24.3,18.85
460,WEST BENGAL,JANGIPUR,39,38,0,1,4,0,0,2,1,,1,0,0,1,TMC,BJP,43.15,24.3,18.85
461,WEST BENGAL,JANGIPUR,39,27,1,1,,,,1,1,1,,0,0,1,TMC,BJP,43.15,24.3,18.85
462,WEST BENGAL,JANGIPUR,39,30,0,1,,0,0,0,0,0,0,0,0,1,TMC,BJP,43.15,24.3,18.85
463,WEST BENGAL,JANGIPUR,39,55,1,1,2,0,0,1,1,1,,0,0,1,TMC,BJP,43.15,24.3,18.85
464,WEST BENGAL,JANGIPUR,39,40,0,1,4,1,1,0,0,0,0,0,0,1,TMC,BJP,43.15,24.3,18.85
465,WEST BENGAL,JANGIPUR,39,47,1,1,3,0,0,2,1,,1,0,0,1,TMC,BJP,43.15,24.3,18.85
466,WEST BENGAL,JANGIPUR,39,26,0,1,,0,0,1,1,1,,0,0,1,TMC,BJP,43.15,24.3,18.85
467,WEST BENGAL,JANGIPUR,39,50,0,1,,1,0,2,1,,1,0,0,1,TMC,BJP,43.15,24.3,18.85
468,WEST BENGAL,JANGIPUR,39,35,1,1,2,0,0,0,0,0,0,0,0,1,TMC,BJP,43.15,24.3,18.85
469,WEST BENGAL,MURSHIDABAD,40,45,0,1,3,0,0,2,1,,1,0,0,1,TMC,INC,41.57,26,15.57
470,WEST BENGAL,MURSHIDABAD,40,45,0,1,3,1,1,1,1,1,,0,0,1,TMC,INC,41.57,26,15.57
471,WEST BENGAL,MURSHIDABAD,40,45,0,1,,1,1,0,0,0,0,0,0,1,TMC,INC,41.57,26,15.57
472,WEST BENGAL,MURSHIDABAD,40,18,1,1,,1,0,2,1,,1,0,0,1,TMC,INC,41.57,26,15.57
473,WEST BENGAL,MURSHIDABAD,40,38,1,1,3,0,0,0,0,0,0,0,0,1,TMC,INC,41.57,26,15.57
474,WEST BENGAL,MURSHIDABAD,40,55,0,1,2,0,0,0,0,0,0,0,0,1,TMC,INC,41.57,26,15.57
475,WEST BENGAL,MURSHIDABAD,40,27,1,1,2,0,0,1,1,1,,0,0,1,TMC,INC,41.57,26,15.57
476,WEST BENGAL,MURSHIDABAD,40,33,1,1,3,,,2,1,,1,0,0,1,TMC,INC,41.57,26,15.57
477,WEST BENGAL,MURSHIDABAD,40,25,1,1,2,0,0,1,1,1,,0,0,1,TMC,INC,41.57,26,15.57
478,WEST BENGAL,MURSHIDABAD,40,22,1,1,1,0,0,0,0,0,0,0,0,1,TMC,INC,41.57,26,15.57
479,WEST BENGAL,MURSHIDABAD,40,55,0,1,3,0,0,1,1,1,,0,0,1,TMC,INC,41.57,26,15.57
480,WEST BENGAL,MURSHIDABAD,40,50,0,1,3,,,2,1,,1,0,0,1,TMC,INC,41.57,26,15.57
481,WEST BENGAL,JANGIPUR,41,18,1,0,1,0,0,1,1,1,,0,0,1,TMC,BJP,43.15,24.3,18.85
482,WEST BENGAL,JANGIPUR,41,24,0,0,,0,0,2,1,,1,0,0,1,TMC,BJP,43.15,24.3,18.85
483,WEST BENGAL,JANGIPUR,41,30,0,1,2,0,1,1,1,1,,0,0,1,TMC,BJP,43.15,24.3,18.85
484,WEST BENGAL,JANGIPUR,41,36,1,0,2,0,0,0,0,0,0,0,0,1,TMC,BJP,43.15,24.3,18.85
485,WEST BENGAL,JANGIPUR,41,48,1,1,3,0,0,1,1,1,,0,0,1,TMC,BJP,43.15,24.3,18.85
486,WEST BENGAL,JANGIPUR,41,35,0,1,2,0,0,0,0,0,0,0,0,1,TMC,BJP,43.15,24.3,18.85
487,WEST BENGAL,JANGIPUR,41,45,0,1,4,0,0,2,1,,1,0,0,1,TMC,BJP,43.15,24.3,18.85
488,WEST BENGAL,JANGIPUR,41,25,1,1,3,0,0,2,1,,1,0,0,1,TMC,BJP,43.15,24.3,18.85
489,WEST BENGAL,JANGIPUR,41,32,1,1,3,0,0,0,0,0,0,0,0,1,TMC,BJP,43.15,24.3,18.85
490,WEST BENGAL,JANGIPUR,41,38,0,1,3,0,0,0,0,0,0,0,0,1,TMC,BJP,43.15,24.3,18.85
491,WEST BENGAL,JANGIPUR,41,28,1,1,3,0,0,1,1,1,,0,0,1,TMC,BJP,43.15,24.3,18.85
492,WEST BENGAL,JANGIPUR,41,60,0,1,5,0,0,2,1,,1,0,0,1,TMC,BJP,43.15,24.3,18.85
493,WEST BENGAL,BAHARAMPUR,42,44,0,1,4,0,0,1,1,1,,1,0,0,INC,TMC,45.47,39.26,6.21
494,WEST BENGAL,BAHARAMPUR,42,29,0,1,2,1,0,0,0,0,0,1,0,0,INC,TMC,45.47,39.26,6.21
495,WEST BENGAL,BAHARAMPUR,42,42,1,0,1,0,0,0,0,0,0,1,0,0,INC,TMC,45.47,39.26,6.21
496,WEST BENGAL,BAHARAMPUR,42,37,1,1,,0,0,0,0,0,0,1,0,0,INC,TMC,45.47,39.26,6.21
497,WEST BENGAL,BAHARAMPUR,42,40,0,1,,0,,1,1,1,,1,0,0,INC,TMC,45.47,39.26,6.21
498,WEST BENGAL,BAHARAMPUR,42,21,0,1,2,,,2,1,,1,1,0,0,INC,TMC,45.47,39.26,6.21
499,WEST BENGAL,BAHARAMPUR,42,24,1,1,3,0,1,1,1,1,,1,0,0,INC,TMC,45.47,39.26,6.21
500,WEST BENGAL,BAHARAMPUR,42,55,1,1,4,0,0,2,1,,1,1,0,0,INC,TMC,45.47,39.26,6.21
501,WEST BENGAL,BAHARAMPUR,42,28,0,1,3,0,0,2,1,,1,1,0,0,INC,TMC,45.47,39.26,6.21
502,WEST BENGAL,BAHARAMPUR,42,28,0,1,2,0,1,1,1,1,,1,0,0,INC,TMC,45.47,39.26,6.21
503,WEST BENGAL,BAHARAMPUR,42,50,1,1,3,1,0,0,0,0,0,1,0,0,INC,TMC,45.47,39.26,6.21
504,WEST BENGAL,BAHARAMPUR,42,37,1,1,3,0,0,2,1,,1,1,0,0,INC,TMC,45.47,39.26,6.21
505,WEST BENGAL,BAHARAMPUR,43,29,1,1,,0,0,0,0,0,0,1,0,0,INC,TMC,45.47,39.26,6.21
506,WEST BENGAL,BAHARAMPUR,43,38,0,1,5,0,0,2,1,,1,1,0,0,INC,TMC,45.47,39.26,6.21
507,WEST BENGAL,BAHARAMPUR,43,25,1,0,,0,0,2,1,,1,1,0,0,INC,TMC,45.47,39.26,6.21
508,WEST BENGAL,BAHARAMPUR,43,45,0,1,5,0,1,1,1,1,,1,0,0,INC,TMC,45.47,39.26,6.21
509,WEST BENGAL,BAHARAMPUR,43,26,1,1,3,1,1,0,0,0,0,1,0,0,INC,TMC,45.47,39.26,6.21
510,WEST BENGAL,BAHARAMPUR,43,24,0,1,4,0,0,0,0,0,0,1,0,0,INC,TMC,45.47,39.26,6.21
511,WEST BENGAL,BAHARAMPUR,43,42,0,1,3,0,1,2,1,,1,1,0,0,INC,TMC,45.47,39.26,6.21
512,WEST BENGAL,BAHARAMPUR,43,23,1,1,,1,1,1,1,1,,1,0,0,INC,TMC,45.47,39.26,6.21
513,WEST BENGAL,BAHARAMPUR,43,25,1,1,2,0,0,1,1,1,,1,0,0,INC,TMC,45.47,39.26,6.21
514,WEST BENGAL,BAHARAMPUR,43,25,0,1,,1,0,2,1,,1,1,0,0,INC,TMC,45.47,39.26,6.21
515,WEST BENGAL,BAHARAMPUR,43,42,0,0,,0,0,0,0,0,0,1,0,0,INC,TMC,45.47,39.26,6.21
516,WEST BENGAL,BAHARAMPUR,43,35,1,1,5,0,0,1,1,1,,1,0,0,INC,TMC,45.47,39.26,6.21
517,WEST BENGAL,BAHARAMPUR,44,40,0,1,,0,0,1,1,1,,1,0,0,INC,TMC,45.47,39.26,6.21
518,WEST BENGAL,BAHARAMPUR,44,37,0,1,,0,0,0,0,0,0,1,0,0,INC,TMC,45.47,39.26,6.21
519,WEST BENGAL,BAHARAMPUR,44,22,1,1,4,0,0,1,1,1,,1,0,0,INC,TMC,45.47,39.26,6.21
520,WEST BENGAL,BAHARAMPUR,44,32,1,1,,,,1,1,1,,1,0,0,INC,TMC,45.47,39.26,6.21
521,WEST BENGAL,BAHARAMPUR,44,24,0,1,5,1,0,2,1,,1,1,0,0,INC,TMC,45.47,39.26,6.21
522,WEST BENGAL,BAHARAMPUR,44,30,1,1,4,0,0,0,0,0,0,1,0,0,INC,TMC,45.47,39.26,6.21
523,WEST BENGAL,BAHARAMPUR,44,35,0,1,5,0,0,2,1,,1,1,0,0,INC,TMC,45.47,39.26,6.21
524,WEST BENGAL,BAHARAMPUR,44,29,1,1,5,0,0,2,1,,1,1,0,0,INC,TMC,45.47,39.26,6.21
525,WEST BENGAL,BAHARAMPUR,44,32,1,1,4,0,0,0,0,0,0,1,0,0,INC,TMC,45.47,39.26,6.21
526,WEST BENGAL,BAHARAMPUR,44,32,0,1,,0,0,2,1,,1,1,0,0,INC,TMC,45.47,39.26,6.21
527,WEST BENGAL,BAHARAMPUR,44,23,1,1,5,0,0,1,1,1,,1,0,0,INC,TMC,45.47,39.26,6.21
528,WEST BENGAL,BAHARAMPUR,44,47,0,1,,0,,0,0,0,0,1,0,0,INC,TMC,45.47,39.26,6.21
529,WEST BENGAL,BAHARAMPUR,45,47,0,1,3,0,0,2,1,,1,1,0,0,INC,TMC,45.47,39.26,6.21
530,WEST BENGAL,BAHARAMPUR,45,28,1,1,4,0,0,0,0,0,0,1,0,0,INC,TMC,45.47,39.26,6.21
531,WEST BENGAL,BAHARAMPUR,45,25,1,1,2,0,0,0,0,0,0,1,0,0,INC,TMC,45.47,39.26,6.21
532,WEST BENGAL,BAHARAMPUR,45,25,1,1,5,1,0,2,1,,1,1,0,0,INC,TMC,45.47,39.26,6.21
533,WEST BENGAL,BAHARAMPUR,45,46,0,1,5,1,0,1,1,1,,1,0,0,INC,TMC,45.47,39.26,6.21
534,WEST BENGAL,BAHARAMPUR,45,24,1,1,4,0,0,1,1,1,,1,0,0,INC,TMC,45.47,39.26,6.21
535,WEST BENGAL,BAHARAMPUR,45,47,0,1,5,0,1,1,1,1,,1,0,0,INC,TMC,45.47,39.26,6.21
536,WEST BENGAL,BAHARAMPUR,45,25,1,1,2,0,0,0,0,0,0,1,0,0,INC,TMC,45.47,39.26,6.21
537,WEST BENGAL,BAHARAMPUR,45,30,0,1,3,1,1,2,1,,1,1,0,0,INC,TMC,45.47,39.26,6.21
538,WEST BENGAL,BAHARAMPUR,45,38,0,1,,0,0,2,1,,1,1,0,0,INC,TMC,45.47,39.26,6.21
539,WEST BENGAL,BAHARAMPUR,45,40,1,1,,0,0,0,0,0,0,1,0,0,INC,TMC,45.47,39.26,6.21
540,WEST BENGAL,BAHARAMPUR,45,43,0,1,,0,0,1,1,1,,1,0,0,INC,TMC,45.47,39.26,6.21
541,WEST BENGAL,KRISHNANAGAR,46,40,1,1,1,0,0,1,1,1,,1,0,0,TMC,BJP,45,40.37,4.63
542,WEST BENGAL,KRISHNANAGAR,46,43,0,1,2,0,0,1,1,1,,1,0,0,TMC,BJP,45,40.37,4.63
543,WEST BENGAL,KRISHNANAGAR,46,40,0,1,1,0,0,0,0,0,0,1,0,0,TMC,BJP,45,40.37,4.63
544,WEST BENGAL,KRISHNANAGAR,46,42,0,1,,,,2,1,,1,1,0,0,TMC,BJP,45,40.37,4.63
545,WEST BENGAL,KRISHNANAGAR,46,32,1,1,,,,2,1,,1,1,0,0,TMC,BJP,45,40.37,4.63
546,WEST BENGAL,KRISHNANAGAR,46,35,1,1,,,,1,1,1,,1,0,0,TMC,BJP,45,40.37,4.63
547,WEST BENGAL,KRISHNANAGAR,46,35,1,1,1,0,0,0,0,0,0,1,0,0,TMC,BJP,45,40.37,4.63
548,WEST BENGAL,KRISHNANAGAR,46,30,0,1,,0,0,0,0,0,0,1,0,0,TMC,BJP,45,40.37,4.63
549,WEST BENGAL,KRISHNANAGAR,46,28,1,1,,0,0,2,1,,1,1,0,0,TMC,BJP,45,40.37,4.63
550,WEST BENGAL,KRISHNANAGAR,46,38,0,1,,0,0,2,1,,1,1,0,0,TMC,BJP,45,40.37,4.63
551,WEST BENGAL,KRISHNANAGAR,46,32,1,1,,0,0,1,1,1,,1,0,0,TMC,BJP,45,40.37,4.63
552,WEST BENGAL,KRISHNANAGAR,46,42,0,1,,0,0,0,0,0,0,1,0,0,TMC,BJP,45,40.37,4.63
553,WEST BENGAL,KRISHNANAGAR,47,43,1,1,,0,0,2,1,,1,1,0,0,TMC,BJP,45,40.37,4.63
554,WEST BENGAL,KRISHNANAGAR,47,28,0,1,,,,0,0,0,0,1,0,0,TMC,BJP,45,40.37,4.63
555,WEST BENGAL,KRISHNANAGAR,47,35,0,1,,0,0,0,0,0,0,1,0,0,TMC,BJP,45,40.37,4.63
556,WEST BENGAL,KRISHNANAGAR,47,52,0,1,1,0,0,1,1,1,,1,0,0,TMC,BJP,45,40.37,4.63
557,WEST BENGAL,KRISHNANAGAR,47,28,1,1,,0,0,2,1,,1,1,0,0,TMC,BJP,45,40.37,4.63
558,WEST BENGAL,KRISHNANAGAR,47,45,0,1,1,,,1,1,1,,1,0,0,TMC,BJP,45,40.37,4.63
559,WEST BENGAL,KRISHNANAGAR,47,52,0,1,,0,0,2,1,,1,1,0,0,TMC,BJP,45,40.37,4.63
560,WEST BENGAL,KRISHNANAGAR,47,58,1,1,,,,0,0,0,0,1,0,0,TMC,BJP,45,40.37,4.63
561,WEST BENGAL,KRISHNANAGAR,47,24,0,1,,0,0,1,1,1,,1,0,0,TMC,BJP,45,40.37,4.63
562,WEST BENGAL,KRISHNANAGAR,47,39,1,1,1,0,0,0,0,0,0,1,0,0,TMC,BJP,45,40.37,4.63
563,WEST BENGAL,KRISHNANAGAR,47,27,1,1,1,0,0,1,1,1,,1,0,0,TMC,BJP,45,40.37,4.63
564,WEST BENGAL,KRISHNANAGAR,47,32,1,1,2,0,0,2,1,,1,1,0,0,TMC,BJP,45,40.37,4.63
565,WEST BENGAL,KRISHNANAGAR,48,70,1,1,,0,0,0,0,0,0,1,0,0,TMC,BJP,45,40.37,4.63
566,WEST BENGAL,KRISHNANAGAR,48,80,0,1,,0,0,1,1,1,,1,0,0,TMC,BJP,45,40.37,4.63
567,WEST BENGAL,KRISHNANAGAR,48,40,1,1,1,0,0,0,0,0,0,1,0,0,TMC,BJP,45,40.37,4.63
568,WEST BENGAL,KRISHNANAGAR,48,50,0,1,1,0,0,1,1,1,,1,0,0,TMC,BJP,45,40.37,4.63
569,WEST BENGAL,KRISHNANAGAR,48,57,1,1,1,0,0,2,1,,1,1,0,0,TMC,BJP,45,40.37,4.63
570,WEST BENGAL,KRISHNANAGAR,48,43,0,1,1,0,0,2,1,,1,1,0,0,TMC,BJP,45,40.37,4.63
571,WEST BENGAL,KRISHNANAGAR,48,28,1,1,1,0,0,2,1,,1,1,0,0,TMC,BJP,45,40.37,4.63
572,WEST BENGAL,KRISHNANAGAR,48,38,0,1,,0,0,0,0,0,0,1,0,0,TMC,BJP,45,40.37,4.63
573,WEST BENGAL,KRISHNANAGAR,48,35,1,1,,0,0,1,1,1,,1,0,0,TMC,BJP,45,40.37,4.63
574,WEST BENGAL,KRISHNANAGAR,48,32,1,1,2,,,1,1,1,,1,0,0,TMC,BJP,45,40.37,4.63
575,WEST BENGAL,KRISHNANAGAR,48,24,0,1,2,0,0,0,0,0,0,1,0,0,TMC,BJP,45,40.37,4.63
576,WEST BENGAL,KRISHNANAGAR,48,45,0,1,3,0,0,2,1,,1,1,0,0,TMC,BJP,45,40.37,4.63
577,WEST BENGAL,RANAGHAT (SC),49,50,0,1,1,0,0,2,1,,1,0,1,0,BJP,TMC,52.78,37.05,15.73
578,WEST BENGAL,RANAGHAT (SC),49,40,1,1,2,0,0,0,0,0,0,0,1,0,BJP,TMC,52.78,37.05,15.73
579,WEST BENGAL,RANAGHAT (SC),49,33,1,1,2,0,0,2,1,,1,0,1,0,BJP,TMC,52.78,37.05,15.73
580,WEST BENGAL,RANAGHAT (SC),49,50,1,1,,0,0,0,0,0,0,0,1,0,BJP,TMC,52.78,37.05,15.73
581,WEST BENGAL,RANAGHAT (SC),49,30,1,1,1,0,0,1,1,1,,0,1,0,BJP,TMC,52.78,37.05,15.73
582,WEST BENGAL,RANAGHAT (SC),49,28,0,1,1,0,0,0,0,0,0,0,1,0,BJP,TMC,52.78,37.05,15.73
583,WEST BENGAL,RANAGHAT (SC),49,55,0,1,,0,0,1,1,1,,0,1,0,BJP,TMC,52.78,37.05,15.73
584,WEST BENGAL,RANAGHAT (SC),49,48,0,1,1,,,1,1,1,,0,1,0,BJP,TMC,52.78,37.05,15.73
585,WEST BENGAL,RANAGHAT (SC),49,35,1,1,1,0,0,2,1,,1,0,1,0,BJP,TMC,52.78,37.05,15.73
586,WEST BENGAL,RANAGHAT (SC),49,30,1,1,1,0,0,0,0,0,0,0,1,0,BJP,TMC,52.78,37.05,15.73
587,WEST BENGAL,RANAGHAT (SC),49,32,0,1,2,0,0,1,1,1,,0,1,0,BJP,TMC,52.78,37.05,15.73
588,WEST BENGAL,RANAGHAT (SC),49,55,0,1,1,0,0,2,1,,1,0,1,0,BJP,TMC,52.78,37.05,15.73
589,WEST BENGAL,RANAGHAT (SC),50,45,1,0,1,0,0,0,0,0,0,0,1,0,BJP,TMC,52.78,37.05,15.73
590,WEST BENGAL,RANAGHAT (SC),50,39,0,1,3,0,0,1,1,1,,0,1,0,BJP,TMC,52.78,37.05,15.73
591,WEST BENGAL,RANAGHAT (SC),50,40,0,1,1,0,0,0,0,0,0,0,1,0,BJP,TMC,52.78,37.05,15.73
592,WEST BENGAL,RANAGHAT (SC),50,28,1,1,,0,0,0,0,0,0,0,1,0,BJP,TMC,52.78,37.05,15.73
593,WEST BENGAL,RANAGHAT (SC),50,34,1,1,1,0,0,2,1,,1,0,1,0,BJP,TMC,52.78,37.05,15.73
594,WEST BENGAL,RANAGHAT (SC),50,43,0,1,1,0,0,2,1,,1,0,1,0,BJP,TMC,52.78,37.05,15.73
595,WEST BENGAL,RANAGHAT (SC),50,32,0,1,1,0,0,2,1,,1,0,1,0,BJP,TMC,52.78,37.05,15.73
596,WEST BENGAL,RANAGHAT (SC),50,25,0,1,1,0,0,1,1,1,,0,1,0,BJP,TMC,52.78,37.05,15.73
597,WEST BENGAL,RANAGHAT (SC),50,46,1,1,2,0,0,1,1,1,,0,1,0,BJP,TMC,52.78,37.05,15.73
598,WEST BENGAL,RANAGHAT (SC),50,36,1,0,1,0,0,1,1,1,,0,1,0,BJP,TMC,52.78,37.05,15.73
599,WEST BENGAL,RANAGHAT (SC),50,55,0,1,,0,0,0,0,0,0,0,1,0,BJP,TMC,52.78,37.05,15.73
600,WEST BENGAL,RANAGHAT (SC),50,32,1,1,,0,0,2,1,,1,0,1,0,BJP,TMC,52.78,37.05,15.73
601,WEST BENGAL,BANGAON (SC),51,37,1,1,1,0,0,1,1,1,,0,1,0,BJP,TMC,48.85,40.92,7.93
602,WEST BENGAL,BANGAON (SC),51,43,1,1,,0,0,0,0,0,0,0,1,0,BJP,TMC,48.85,40.92,7.93
603,WEST BENGAL,BANGAON (SC),51,50,0,1,,0,0,0,0,0,0,0,1,0,BJP,TMC,48.85,40.92,7.93
604,WEST BENGAL,BANGAON (SC),51,63,0,1,3,0,0,1,1,1,,0,1,0,BJP,TMC,48.85,40.92,7.93
605,WEST BENGAL,BANGAON (SC),51,59,0,1,,0,0,2,1,,1,0,1,0,BJP,TMC,48.85,40.92,7.93
606,WEST BENGAL,BANGAON (SC),51,42,1,1,,0,0,0,0,0,0,0,1,0,BJP,TMC,48.85,40.92,7.93
607,WEST BENGAL,BANGAON (SC),51,42,1,1,,0,0,1,1,1,,0,1,0,BJP,TMC,48.85,40.92,7.93
608,WEST BENGAL,BANGAON (SC),51,50,1,1,,0,0,2,1,,1,0,1,0,BJP,TMC,48.85,40.92,7.93
609,WEST BENGAL,BANGAON (SC),51,65,0,1,,0,0,2,1,,1,0,1,0,BJP,TMC,48.85,40.92,7.93
610,WEST BENGAL,BANGAON (SC),51,30,0,1,1,0,0,1,1,1,,0,1,0,BJP,TMC,48.85,40.92,7.93
611,WEST BENGAL,BANGAON (SC),51,26,1,1,1,0,0,2,1,,1,0,1,0,BJP,TMC,48.85,40.92,7.93
612,WEST BENGAL,BANGAON (SC),51,26,0,1,1,0,0,0,0,0,0,0,1,0,BJP,TMC,48.85,40.92,7.93
613,WEST BENGAL,RANAGHAT (SC),52,49,0,1,3,,,2,1,,1,0,1,0,BJP,TMC,52.78,37.05,15.73
614,WEST BENGAL,RANAGHAT (SC),52,53,0,1,2,0,0,1,1,1,,0,1,0,BJP,TMC,52.78,37.05,15.73
615,WEST BENGAL,RANAGHAT (SC),52,42,1,1,1,0,0,2,1,,1,0,1,0,BJP,TMC,52.78,37.05,15.73
616,WEST BENGAL,RANAGHAT (SC),52,26,1,0,,0,0,1,1,1,,0,1,0,BJP,TMC,52.78,37.05,15.73
617,WEST BENGAL,RANAGHAT (SC),52,50,1,1,1,0,0,0,0,0,0,0,1,0,BJP,TMC,52.78,37.05,15.73
618,WEST BENGAL,RANAGHAT (SC),52,42,0,1,1,0,0,0,0,0,0,0,1,0,BJP,TMC,52.78,37.05,15.73
619,WEST BENGAL,RANAGHAT (SC),52,38,0,1,2,0,0,2,1,,1,0,1,0,BJP,TMC,52.78,37.05,15.73
620,WEST BENGAL,RANAGHAT (SC),52,42,1,1,,0,0,0,0,0,0,0,1,0,BJP,TMC,52.78,37.05,15.73
621,WEST BENGAL,RANAGHAT (SC),52,45,1,1,1,0,0,1,1,1,,0,1,0,BJP,TMC,52.78,37.05,15.73
622,WEST BENGAL,RANAGHAT (SC),52,50,0,1,1,0,0,0,0,0,0,0,1,0,BJP,TMC,52.78,37.05,15.73
623,WEST BENGAL,RANAGHAT (SC),52,37,1,1,1,0,0,2,1,,1,0,1,0,BJP,TMC,52.78,37.05,15.73
624,WEST BENGAL,RANAGHAT (SC),52,40,0,1,2,0,0,1,1,1,,0,1,0,BJP,TMC,52.78,37.05,15.73
625,WEST BENGAL,RANAGHAT (SC),53,77,0,0,1,0,0,1,1,1,,0,1,0,BJP,TMC,52.78,37.05,15.73
626,WEST BENGAL,RANAGHAT (SC),53,35,0,1,,0,0,0,0,0,0,0,1,0,BJP,TMC,52.78,37.05,15.73
627,WEST BENGAL,RANAGHAT (SC),53,44,1,1,0,0,0,0,0,0,0,0,1,0,BJP,TMC,52.78,37.05,15.73
628,WEST BENGAL,RANAGHAT (SC),53,42,0,0,1,0,0,0,0,0,0,0,1,0,BJP,TMC,52.78,37.05,15.73
629,WEST BENGAL,RANAGHAT (SC),53,36,1,1,,0,0,1,1,1,,0,1,0,BJP,TMC,52.78,37.05,15.73
630,WEST BENGAL,RANAGHAT (SC),53,45,1,1,,0,0,2,1,,1,0,1,0,BJP,TMC,52.78,37.05,15.73
631,WEST BENGAL,RANAGHAT (SC),53,35,1,1,2,0,0,1,1,1,,0,1,0,BJP,TMC,52.78,37.05,15.73
632,WEST BENGAL,RANAGHAT (SC),53,32,0,1,2,0,0,2,1,,1,0,1,0,BJP,TMC,52.78,37.05,15.73
633,WEST BENGAL,RANAGHAT (SC),53,55,0,1,1,,,2,1,,1,0,1,0,BJP,TMC,52.78,37.05,15.73
634,WEST BENGAL,RANAGHAT (SC),53,52,0,1,1,0,0,2,1,,1,0,1,0,BJP,TMC,52.78,37.05,15.73
635,WEST BENGAL,RANAGHAT (SC),53,33,1,1,2,0,0,1,1,1,,0,1,0,BJP,TMC,52.78,37.05,15.73
636,WEST BENGAL,RANAGHAT (SC),53,56,1,1,,0,0,0,0,0,0,0,1,0,BJP,TMC,52.78,37.05,15.73
637,WEST BENGAL,BANGAON (SC),54,50,1,1,,,,2,1,,1,0,1,0,BJP,TMC,48.85,40.92,7.93
638,WEST BENGAL,BANGAON (SC),54,58,0,1,1,0,0,2,1,,1,0,1,0,BJP,TMC,48.85,40.92,7.93
639,WEST BENGAL,BANGAON (SC),54,35,0,1,,0,0,1,1,1,,0,1,0,BJP,TMC,48.85,40.92,7.93
640,WEST BENGAL,BANGAON (SC),54,34,1,1,1,0,0,1,1,1,,0,1,0,BJP,TMC,48.85,40.92,7.93
641,WEST BENGAL,BANGAON (SC),54,44,0,0,,0,0,2,1,,1,0,1,0,BJP,TMC,48.85,40.92,7.93
642,WEST BENGAL,BANGAON (SC),54,54,1,0,,,,0,0,0,0,0,1,0,BJP,TMC,48.85,40.92,7.93
643,WEST BENGAL,BANGAON (SC),54,35,1,1,1,,,0,0,0,0,0,1,0,BJP,TMC,48.85,40.92,7.93
644,WEST BENGAL,BANGAON (SC),54,42,1,1,1,,,1,1,1,,0,1,0,BJP,TMC,48.85,40.92,7.93
645,WEST BENGAL,BANGAON (SC),54,40,0,1,,0,0,0,0,0,0,0,1,0,BJP,TMC,48.85,40.92,7.93
646,WEST BENGAL,BANGAON (SC),54,47,0,1,2,0,0,0,0,0,0,0,1,0,BJP,TMC,48.85,40.92,7.93
647,WEST BENGAL,BANGAON (SC),54,42,1,1,1,0,0,1,1,1,,0,1,0,BJP,TMC,48.85,40.92,7.93
648,WEST BENGAL,BANGAON (SC),54,38,0,1,,0,0,2,1,,1,0,1,0,BJP,TMC,48.85,40.92,7.93
649,WEST BENGAL,ASANSOL,55,66,0,1,2,0,0,0,0,0,0,0,1,0,BJP,TMC,51.16,35.19,15.97
650,WEST BENGAL,ASANSOL,55,40,1,1,3,0,0,1,1,1,,0,1,0,BJP,TMC,51.16,35.19,15.97
651,WEST BENGAL,ASANSOL,55,25,1,1,3,0,0,1,1,1,,0,1,0,BJP,TMC,51.16,35.19,15.97
652,WEST BENGAL,ASANSOL,55,65,0,1,3,0,0,0,0,0,0,0,1,0,BJP,TMC,51.16,35.19,15.97
653,WEST BENGAL,ASANSOL,55,68,0,1,2,0,0,2,1,,1,0,1,0,BJP,TMC,51.16,35.19,15.97
654,WEST BENGAL,ASANSOL,55,30,0,1,2,0,0,1,1,1,,0,1,0,BJP,TMC,51.16,35.19,15.97
655,WEST BENGAL,ASANSOL,55,40,1,1,3,0,0,2,1,,1,0,1,0,BJP,TMC,51.16,35.19,15.97
656,WEST BENGAL,ASANSOL,55,60,1,1,1,0,0,2,1,,1,0,1,0,BJP,TMC,51.16,35.19,15.97
657,WEST BENGAL,ASANSOL,55,25,1,1,3,0,0,0,0,0,0,0,1,0,BJP,TMC,51.16,35.19,15.97
658,WEST BENGAL,ASANSOL,55,25,1,1,3,0,0,1,1,1,,0,1,0,BJP,TMC,51.16,35.19,15.97
659,WEST BENGAL,ASANSOL,55,42,0,1,2,0,0,2,1,,1,0,1,0,BJP,TMC,51.16,35.19,15.97
660,WEST BENGAL,ASANSOL,55,19,0,1,2,0,0,0,0,0,0,0,1,0,BJP,TMC,51.16,35.19,15.97
661,WEST BENGAL,BARDHAMAN-DURGAPUR,56,58,1,1,3,0,0,1,1,1,,1,0,0,BJP,TMC,41.76,41.59,0.17
662,WEST BENGAL,BARDHAMAN-DURGAPUR,56,47,0,1,2,0,0,1,1,1,,1,0,0,BJP,TMC,41.76,41.59,0.17
663,WEST BENGAL,BARDHAMAN-DURGAPUR,56,27,1,1,2,0,0,1,1,1,,1,0,0,BJP,TMC,41.76,41.59,0.17
664,WEST BENGAL,BARDHAMAN-DURGAPUR,56,55,0,1,3,0,0,0,0,0,0,1,0,0,BJP,TMC,41.76,41.59,0.17
665,WEST BENGAL,BARDHAMAN-DURGAPUR,56,30,1,1,2,0,,0,0,0,0,1,0,0,BJP,TMC,41.76,41.59,0.17
666,WEST BENGAL,BARDHAMAN-DURGAPUR,56,27,0,1,3,0,0,2,1,,1,1,0,0,BJP,TMC,41.76,41.59,0.17
667,WEST BENGAL,BARDHAMAN-DURGAPUR,56,38,0,1,3,0,0,2,1,,1,1,0,0,BJP,TMC,41.76,41.59,0.17
668,WEST BENGAL,BARDHAMAN-DURGAPUR,56,54,0,1,3,0,0,0,0,0,0,1,0,0,BJP,TMC,41.76,41.59,0.17
669,WEST BENGAL,BARDHAMAN-DURGAPUR,56,25,1,1,1,0,0,2,1,,1,1,0,0,BJP,TMC,41.76,41.59,0.17
670,WEST BENGAL,BARDHAMAN-DURGAPUR,56,40,1,1,2,0,0,2,1,,1,1,0,0,BJP,TMC,41.76,41.59,0.17
671,WEST BENGAL,BARDHAMAN-DURGAPUR,56,60,1,1,3,0,0,1,1,1,,1,0,0,BJP,TMC,41.76,41.59,0.17
672,WEST BENGAL,BARDHAMAN-DURGAPUR,56,21,0,1,3,0,0,0,0,0,0,1,0,0,BJP,TMC,41.76,41.59,0.17
673,WEST BENGAL,BARDHAMAN-DURGAPUR,57,28,0,1,2,0,0,1,1,1,,1,0,0,BJP,TMC,41.76,41.59,0.17
674,WEST BENGAL,BARDHAMAN-DURGAPUR,57,26,0,1,3,0,0,0,0,0,0,1,0,0,BJP,TMC,41.76,41.59,0.17
675,WEST BENGAL,BARDHAMAN-DURGAPUR,57,35,1,1,3,0,0,1,1,1,,1,0,0,BJP,TMC,41.76,41.59,0.17
676,WEST BENGAL,BARDHAMAN-DURGAPUR,57,38,0,1,2,0,0,0,0,0,0,1,0,0,BJP,TMC,41.76,41.59,0.17
677,WEST BENGAL,BARDHAMAN-DURGAPUR,57,46,1,1,3,0,0,2,1,,1,1,0,0,BJP,TMC,41.76,41.59,0.17
678,WEST BENGAL,BARDHAMAN-DURGAPUR,57,35,0,1,3,0,0,1,1,1,,1,0,0,BJP,TMC,41.76,41.59,0.17
679,WEST BENGAL,BARDHAMAN-DURGAPUR,57,32,1,1,2,0,0,0,0,0,0,1,0,0,BJP,TMC,41.76,41.59,0.17
680,WEST BENGAL,BARDHAMAN-DURGAPUR,57,35,1,1,2,0,0,2,1,,1,1,0,0,BJP,TMC,41.76,41.59,0.17
681,WEST BENGAL,BARDHAMAN-DURGAPUR,57,25,1,1,3,0,0,2,1,,1,1,0,0,BJP,TMC,41.76,41.59,0.17
682,WEST BENGAL,BARDHAMAN-DURGAPUR,57,45,0,1,3,0,0,2,1,,1,1,0,0,BJP,TMC,41.76,41.59,0.17
683,WEST BENGAL,BARDHAMAN-DURGAPUR,57,69,1,1,3,0,0,1,1,1,,1,0,0,BJP,TMC,41.76,41.59,0.17
684,WEST BENGAL,BARDHAMAN-DURGAPUR,57,37,0,1,3,0,0,0,0,0,0,1,0,0,BJP,TMC,41.76,41.59,0.17
685,WEST BENGAL,ASANSOL,58,55,0,1,3,0,0,0,0,0,0,0,1,0,BJP,TMC,51.16,35.19,15.97
686,WEST BENGAL,ASANSOL,58,27,0,1,3,0,0,1,1,1,,0,1,0,BJP,TMC,51.16,35.19,15.97
687,WEST BENGAL,ASANSOL,58,33,1,1,2,0,0,2,1,,1,0,1,0,BJP,TMC,51.16,35.19,15.97
688,WEST BENGAL,ASANSOL,58,30,1,1,2,0,0,2,1,,1,0,1,0,BJP,TMC,51.16,35.19,15.97
689,WEST BENGAL,ASANSOL,58,82,0,1,2,0,0,0,0,0,0,0,1,0,BJP,TMC,51.16,35.19,15.97
690,WEST BENGAL,ASANSOL,58,35,1,1,2,0,0,1,1,1,,0,1,0,BJP,TMC,51.16,35.19,15.97
691,WEST BENGAL,ASANSOL,58,60,1,1,2,0,0,1,1,1,,0,1,0,BJP,TMC,51.16,35.19,15.97
692,WEST BENGAL,ASANSOL,58,20,1,1,3,0,0,2,1,,1,0,1,0,BJP,TMC,51.16,35.19,15.97
693,WEST BENGAL,ASANSOL,58,26,0,1,3,0,0,0,0,0,0,0,1,0,BJP,TMC,51.16,35.19,15.97
694,WEST BENGAL,ASANSOL,58,55,0,1,2,0,0,1,1,1,,0,1,0,BJP,TMC,51.16,35.19,15.97
695,WEST BENGAL,ASANSOL,58,24,1,1,3,0,0,0,0,0,0,0,1,0,BJP,TMC,51.16,35.19,15.97
696,WEST BENGAL,ASANSOL,58,26,0,1,2,0,0,2,1,,1,0,1,0,BJP,TMC,51.16,35.19,15.97
697,WEST BENGAL,ASANSOL,59,35,1,1,2,0,0,0,0,0,0,0,1,0,BJP,TMC,51.16,35.19,15.97
698,WEST BENGAL,ASANSOL,59,42,0,1,2,0,0,1,1,1,,0,1,0,BJP,TMC,51.16,35.19,15.97
699,WEST BENGAL,ASANSOL,59,55,0,1,4,,,2,1,,1,0,1,0,BJP,TMC,51.16,35.19,15.97
700,WEST BENGAL,ASANSOL,59,65,0,1,2,0,0,1,1,1,,0,1,0,BJP,TMC,51.16,35.19,15.97
701,WEST BENGAL,ASANSOL,59,27,1,1,3,0,0,0,0,0,0,0,1,0,BJP,TMC,51.16,35.19,15.97
702,WEST BENGAL,ASANSOL,59,36,0,1,3,0,0,2,1,,1,0,1,0,BJP,TMC,51.16,35.19,15.97
703,WEST BENGAL,ASANSOL,59,50,1,1,2,0,0,0,0,0,0,0,1,0,BJP,TMC,51.16,35.19,15.97
704,WEST BENGAL,ASANSOL,59,25,1,1,2,0,0,2,1,,1,0,1,0,BJP,TMC,51.16,35.19,15.97
705,WEST BENGAL,ASANSOL,59,62,1,1,2,0,0,1,1,1,,0,1,0,BJP,TMC,51.16,35.19,15.97
706,WEST BENGAL,ASANSOL,59,48,0,1,2,0,0,2,1,,1,0,1,0,BJP,TMC,51.16,35.19,15.97
707,WEST BENGAL,ASANSOL,59,25,0,1,3,0,0,0,0,0,0,0,1,0,BJP,TMC,51.16,35.19,15.97
708,WEST BENGAL,ASANSOL,59,18,1,1,2,0,0,1,1,1,,0,1,0,BJP,TMC,51.16,35.19,15.97
709,WEST BENGAL,ASANSOL,60,19,0,1,3,0,0,1,1,1,,0,1,0,BJP,TMC,51.16,35.19,15.97
710,WEST BENGAL,ASANSOL,60,60,1,1,2,0,0,0,0,0,0,0,1,0,BJP,TMC,51.16,35.19,15.97
711,WEST BENGAL,ASANSOL,60,47,0,1,2,0,0,2,1,,1,0,1,0,BJP,TMC,51.16,35.19,15.97
712,WEST BENGAL,ASANSOL,60,47,1,1,3,0,0,1,1,1,,0,1,0,BJP,TMC,51.16,35.19,15.97
713,WEST BENGAL,ASANSOL,60,65,1,1,2,0,0,0,0,0,0,0,1,0,BJP,TMC,51.16,35.19,15.97
714,WEST BENGAL,ASANSOL,60,60,1,1,2,0,0,1,1,1,,0,1,0,BJP,TMC,51.16,35.19,15.97
715,WEST BENGAL,ASANSOL,60,40,0,1,2,0,0,2,1,,1,0,1,0,BJP,TMC,51.16,35.19,15.97
716,WEST BENGAL,ASANSOL,60,61,0,1,3,0,0,0,0,0,0,0,1,0,BJP,TMC,51.16,35.19,15.97
717,WEST BENGAL,ASANSOL,60,60,0,1,3,0,0,2,1,,1,0,1,0,BJP,TMC,51.16,35.19,15.97
718,WEST BENGAL,ASANSOL,60,49,1,1,2,0,0,1,1,1,,0,1,0,BJP,TMC,51.16,35.19,15.97
719,WEST BENGAL,ASANSOL,60,45,1,1,2,0,0,0,0,0,0,0,1,0,BJP,TMC,51.16,35.19,15.97
720,WEST BENGAL,ASANSOL,60,19,0,1,3,0,0,2,1,,1,0,1,0,BJP,TMC,51.16,35.19,15.97
721,WEST BENGAL,ASANSOL,61,37,1,1,2,0,0,2,1,,1,0,1,0,BJP,TMC,51.16,35.19,15.97
722,WEST BENGAL,ASANSOL,61,40,0,,2,0,0,0,0,0,0,0,1,0,BJP,TMC,51.16,35.19,15.97
723,WEST BENGAL,ASANSOL,61,80,0,1,3,1,0,2,1,,1,0,1,0,BJP,TMC,51.16,35.19,15.97
724,WEST BENGAL,ASANSOL,61,60,1,1,2,0,0,0,0,0,0,0,1,0,BJP,TMC,51.16,35.19,15.97
725,WEST BENGAL,ASANSOL,61,38,0,1,2,0,0,1,1,1,,0,1,0,BJP,TMC,51.16,35.19,15.97
726,WEST BENGAL,ASANSOL,61,35,0,1,3,0,0,1,1,1,,0,1,0,BJP,TMC,51.16,35.19,15.97
727,WEST BENGAL,ASANSOL,61,40,1,1,3,0,0,2,1,,1,0,1,0,BJP,TMC,51.16,35.19,15.97
728,WEST BENGAL,ASANSOL,61,50,1,1,3,0,0,0,0,0,0,0,1,0,BJP,TMC,51.16,35.19,15.97
729,WEST BENGAL,ASANSOL,61,75,0,1,2,0,0,1,1,1,,0,1,0,BJP,TMC,51.16,35.19,15.97
730,WEST BENGAL,ASANSOL,61,45,1,1,2,0,0,1,1,1,,0,1,0,BJP,TMC,51.16,35.19,15.97
731,WEST BENGAL,ASANSOL,61,45,0,1,2,0,0,0,0,0,0,0,1,0,BJP,TMC,51.16,35.19,15.97
732,WEST BENGAL,ASANSOL,61,35,1,1,3,0,0,2,1,,1,0,1,0,BJP,TMC,51.16,35.19,15.97
733,WEST BENGAL,BARDHAMAN-DURGAPUR,62,56,0,1,2,0,0,1,1,1,,1,0,0,BJP,TMC,41.76,41.59,0.17
734,WEST BENGAL,BARDHAMAN-DURGAPUR,62,45,0,1,2,0,0,2,1,,1,1,0,0,BJP,TMC,41.76,41.59,0.17
735,WEST BENGAL,BARDHAMAN-DURGAPUR,62,29,1,1,3,0,0,1,1,1,,1,0,0,BJP,TMC,41.76,41.59,0.17
736,WEST BENGAL,BARDHAMAN-DURGAPUR,62,35,1,1,2,0,0,0,0,0,0,1,0,0,BJP,TMC,41.76,41.59,0.17
737,WEST BENGAL,BARDHAMAN-DURGAPUR,62,35,1,1,2,0,0,1,1,1,,1,0,0,BJP,TMC,41.76,41.59,0.17
738,WEST BENGAL,BARDHAMAN-DURGAPUR,62,40,1,1,2,0,0,0,0,0,0,1,0,0,BJP,TMC,41.76,41.59,0.17
739,WEST BENGAL,BARDHAMAN-DURGAPUR,62,23,0,1,2,0,0,2,1,,1,1,0,0,BJP,TMC,41.76,41.59,0.17
740,WEST BENGAL,BARDHAMAN-DURGAPUR,62,30,0,1,3,0,0,2,1,,1,1,0,0,BJP,TMC,41.76,41.59,0.17
741,WEST BENGAL,BARDHAMAN-DURGAPUR,62,45,1,1,3,0,0,0,0,0,0,1,0,0,BJP,TMC,41.76,41.59,0.17
742,WEST BENGAL,BARDHAMAN-DURGAPUR,62,28,0,1,3,0,0,1,1,1,,1,0,0,BJP,TMC,41.76,41.59,0.17
743,WEST BENGAL,BARDHAMAN-DURGAPUR,62,32,1,1,3,0,0,2,1,,1,1,0,0,BJP,TMC,41.76,41.59,0.17
744,WEST BENGAL,BARDHAMAN-DURGAPUR,62,68,0,1,3,,,0,0,0,0,1,0,0,BJP,TMC,41.76,41.59,0.17
745,WEST BENGAL,BARDHAMAN-DURGAPUR,63,62,0,1,2,0,0,0,0,0,0,1,0,0,BJP,TMC,41.76,41.59,0.17
746,WEST BENGAL,BARDHAMAN-DURGAPUR,63,42,1,1,2,0,0,2,1,,1,1,0,0,BJP,TMC,41.76,41.59,0.17
747,WEST BENGAL,BARDHAMAN-DURGAPUR,63,30,1,1,3,0,0,0,0,0,0,1,0,0,BJP,TMC,41.76,41.59,0.17
748,WEST BENGAL,BARDHAMAN-DURGAPUR,63,33,1,1,2,0,0,1,1,1,,1,0,0,BJP,TMC,41.76,41.59,0.17
749,WEST BENGAL,BARDHAMAN-DURGAPUR,63,42,0,1,2,0,0,1,1,1,,1,0,0,BJP,TMC,41.76,41.59,0.17
750,WEST BENGAL,BARDHAMAN-DURGAPUR,63,55,0,1,2,0,0,1,1,1,,1,0,0,BJP,TMC,41.76,41.59,0.17
751,WEST BENGAL,BARDHAMAN-DURGAPUR,63,45,1,1,2,0,0,2,1,,1,1,0,0,BJP,TMC,41.76,41.59,0.17
752,WEST BENGAL,BARDHAMAN-DURGAPUR,63,35,0,1,2,0,0,0,0,0,0,1,0,0,BJP,TMC,41.76,41.59,0.17
753,WEST BENGAL,BARDHAMAN-DURGAPUR,63,35,1,1,2,0,0,2,1,,1,1,0,0,BJP,TMC,41.76,41.59,0.17
754,WEST BENGAL,BARDHAMAN-DURGAPUR,63,48,0,1,2,0,0,2,1,,1,1,0,0,BJP,TMC,41.76,41.59,0.17
755,WEST BENGAL,BARDHAMAN-DURGAPUR,63,30,0,1,2,0,0,1,1,1,,1,0,0,BJP,TMC,41.76,41.59,0.17
756,WEST BENGAL,BARDHAMAN-DURGAPUR,63,37,1,1,2,0,0,0,0,0,0,1,0,0,BJP,TMC,41.76,41.59,0.17
757,WEST BENGAL,BARDHAMAN PURBA(SC),64,30,0,1,2,0,0,1,1,1,,1,0,0,TMC,BJP,44.52,38.32,6.2
758,WEST BENGAL,BARDHAMAN PURBA(SC),64,25,1,1,2,0,0,0,0,0,0,1,0,0,TMC,BJP,44.52,38.32,6.2
759,WEST BENGAL,BARDHAMAN PURBA(SC),64,22,1,0,2,0,0,1,1,1,,1,0,0,TMC,BJP,44.52,38.32,6.2
760,WEST BENGAL,BARDHAMAN PURBA(SC),64,40,1,1,2,0,0,2,1,,1,1,0,0,TMC,BJP,44.52,38.32,6.2
761,WEST BENGAL,BARDHAMAN PURBA(SC),64,42,0,1,3,0,0,2,1,,1,1,0,0,TMC,BJP,44.52,38.32,6.2
762,WEST BENGAL,BARDHAMAN PURBA(SC),64,22,0,1,3,1,1,2,1,,1,1,0,0,TMC,BJP,44.52,38.32,6.2
763,WEST BENGAL,BARDHAMAN PURBA(SC),64,40,1,1,2,0,0,1,1,1,,1,0,0,TMC,BJP,44.52,38.32,6.2
764,WEST BENGAL,BARDHAMAN PURBA(SC),64,45,1,1,2,0,0,0,0,0,0,1,0,0,TMC,BJP,44.52,38.32,6.2
765,WEST BENGAL,BARDHAMAN PURBA(SC),64,24,1,1,3,0,0,0,0,0,0,1,0,0,TMC,BJP,44.52,38.32,6.2
766,WEST BENGAL,BARDHAMAN PURBA(SC),64,45,0,1,4,1,1,1,1,1,,1,0,0,TMC,BJP,44.52,38.32,6.2
767,WEST BENGAL,BARDHAMAN PURBA(SC),64,43,0,1,4,0,0,0,0,0,0,1,0,0,TMC,BJP,44.52,38.32,6.2
768,WEST BENGAL,BARDHAMAN PURBA(SC),64,52,0,1,2,1,1,2,1,,1,1,0,0,TMC,BJP,44.52,38.32,6.2
769,WEST BENGAL,BARDHAMAN-DURGAPUR,65,39,0,1,2,0,0,1,1,1,,1,0,0,BJP,TMC,41.76,41.59,0.17
770,WEST BENGAL,BARDHAMAN-DURGAPUR,65,60,1,1,2,0,0,1,1,1,,1,0,0,BJP,TMC,41.76,41.59,0.17
771,WEST BENGAL,BARDHAMAN-DURGAPUR,65,18,0,0,2,,,0,0,0,0,1,0,0,BJP,TMC,41.76,41.59,0.17
772,WEST BENGAL,BARDHAMAN-DURGAPUR,65,65,0,1,2,0,0,0,0,0,0,1,0,0,BJP,TMC,41.76,41.59,0.17
773,WEST BENGAL,BARDHAMAN-DURGAPUR,65,40,1,1,2,,,1,1,1,,1,0,0,BJP,TMC,41.76,41.59,0.17
774,WEST BENGAL,BARDHAMAN-DURGAPUR,65,58,0,1,2,,,2,1,,1,1,0,0,BJP,TMC,41.76,41.59,0.17
775,WEST BENGAL,BARDHAMAN-DURGAPUR,65,18,1,0,1,0,0,2,1,,1,1,0,0,BJP,TMC,41.76,41.59,0.17
776,WEST BENGAL,BARDHAMAN-DURGAPUR,65,39,1,1,2,0,0,2,1,,1,1,0,0,BJP,TMC,41.76,41.59,0.17
777,WEST BENGAL,BARDHAMAN-DURGAPUR,65,66,0,1,2,0,0,0,0,0,0,1,0,0,BJP,TMC,41.76,41.59,0.17
778,WEST BENGAL,BARDHAMAN-DURGAPUR,65,62,0,1,2,0,0,2,1,,1,1,0,0,BJP,TMC,41.76,41.59,0.17
779,WEST BENGAL,BARDHAMAN-DURGAPUR,65,55,1,1,3,0,0,0,0,0,0,1,0,0,BJP,TMC,41.76,41.59,0.17
780,WEST BENGAL,BARDHAMAN-DURGAPUR,65,62,1,1,1,,,1,1,1,,1,0,0,BJP,TMC,41.76,41.59,0.17
781,WEST BENGAL,BARDHAMAN-DURGAPUR,66,40,0,1,3,0,0,1,1,1,,1,0,0,BJP,TMC,41.76,41.59,0.17
782,WEST BENGAL,BARDHAMAN-DURGAPUR,66,43,1,1,,0,0,0,0,0,0,1,0,0,BJP,TMC,41.76,41.59,0.17
783,WEST BENGAL,BARDHAMAN-DURGAPUR,66,23,0,1,4,0,0,2,1,,1,1,0,0,BJP,TMC,41.76,41.59,0.17
784,WEST BENGAL,BARDHAMAN-DURGAPUR,66,39,0,1,1,0,0,2,1,,1,1,0,0,BJP,TMC,41.76,41.59,0.17
785,WEST BENGAL,BARDHAMAN-DURGAPUR,66,45,1,1,2,0,0,0,0,0,0,1,0,0,BJP,TMC,41.76,41.59,0.17
786,WEST BENGAL,BARDHAMAN-DURGAPUR,66,56,1,1,3,1,0,0,0,0,0,1,0,0,BJP,TMC,41.76,41.59,0.17
787,WEST BENGAL,BARDHAMAN-DURGAPUR,66,66,1,1,3,1,1,1,1,1,,1,0,0,BJP,TMC,41.76,41.59,0.17
788,WEST BENGAL,BARDHAMAN-DURGAPUR,66,42,0,1,4,0,0,2,1,,1,1,0,0,BJP,TMC,41.76,41.59,0.17
789,WEST BENGAL,BARDHAMAN-DURGAPUR,66,30,1,1,1,,0,1,1,1,,1,0,0,BJP,TMC,41.76,41.59,0.17
790,WEST BENGAL,BARDHAMAN-DURGAPUR,66,45,0,1,1,0,0,0,0,0,0,1,0,0,BJP,TMC,41.76,41.59,0.17
791,WEST BENGAL,BARDHAMAN-DURGAPUR,66,25,1,1,2,0,0,1,1,1,,1,0,0,BJP,TMC,41.76,41.59,0.17
792,WEST BENGAL,BARDHAMAN-DURGAPUR,66,50,0,0,2,0,0,2,1,,1,1,0,0,BJP,TMC,41.76,41.59,0.17
793,WEST BENGAL,BARDHAMAN-DURGAPUR,67,50,0,1,4,0,0,2,1,,1,1,0,0,BJP,TMC,41.76,41.59,0.17
794,WEST BENGAL,BARDHAMAN-DURGAPUR,67,42,1,1,0,0,0,0,0,0,0,1,0,0,BJP,TMC,41.76,41.59,0.17
795,WEST BENGAL,BARDHAMAN-DURGAPUR,67,22,1,1,1,0,0,0,0,0,0,1,0,0,BJP,TMC,41.76,41.59,0.17
796,WEST BENGAL,BARDHAMAN-DURGAPUR,67,35,1,1,1,0,0,1,1,1,,1,0,0,BJP,TMC,41.76,41.59,0.17
797,WEST BENGAL,BARDHAMAN-DURGAPUR,67,35,0,1,1,0,0,1,1,1,,1,0,0,BJP,TMC,41.76,41.59,0.17
798,WEST BENGAL,BARDHAMAN-DURGAPUR,67,60,1,1,,0,0,2,1,,1,1,0,0,BJP,TMC,41.76,41.59,0.17
799,WEST BENGAL,BARDHAMAN-DURGAPUR,67,44,0,1,2,0,0,2,1,,1,1,0,0,BJP,TMC,41.76,41.59,0.17
800,WEST BENGAL,BARDHAMAN-DURGAPUR,67,28,1,1,1,1,1,0,0,0,0,1,0,0,BJP,TMC,41.76,41.59,0.17
801,WEST BENGAL,BARDHAMAN-DURGAPUR,67,56,0,1,1,0,0,1,1,1,,1,0,0,BJP,TMC,41.76,41.59,0.17
802,WEST BENGAL,BARDHAMAN-DURGAPUR,67,54,0,1,3,0,0,2,1,,1,1,0,0,BJP,TMC,41.76,41.59,0.17
803,WEST BENGAL,BARDHAMAN-DURGAPUR,67,56,0,1,3,0,0,1,1,1,,1,0,0,BJP,TMC,41.76,41.59,0.17
804,WEST BENGAL,BARDHAMAN-DURGAPUR,67,45,1,1,4,0,0,0,0,0,0,1,0,0,BJP,TMC,41.76,41.59,0.17
805,WEST BENGAL,BARDHAMAN-DURGAPUR,68,33,1,1,1,0,0,0,0,0,0,1,0,0,BJP,TMC,41.76,41.59,0.17
806,WEST BENGAL,BARDHAMAN-DURGAPUR,68,21,0,1,1,,0,0,0,0,0,1,0,0,BJP,TMC,41.76,41.59,0.17
807,WEST BENGAL,BARDHAMAN-DURGAPUR,68,42,1,1,3,0,0,2,1,,1,1,0,0,BJP,TMC,41.76,41.59,0.17
808,WEST BENGAL,BARDHAMAN-DURGAPUR,68,71,0,1,1,0,0,2,1,,1,1,0,0,BJP,TMC,41.76,41.59,0.17
809,WEST BENGAL,BARDHAMAN-DURGAPUR,68,21,0,1,2,0,0,1,1,1,,1,0,0,BJP,TMC,41.76,41.59,0.17
810,WEST BENGAL,BARDHAMAN-DURGAPUR,68,55,0,0,1,0,0,1,1,1,,1,0,0,BJP,TMC,41.76,41.59,0.17
811,WEST BENGAL,BARDHAMAN-DURGAPUR,68,30,1,1,3,1,0,2,1,,1,1,0,0,BJP,TMC,41.76,41.59,0.17
812,WEST BENGAL,BARDHAMAN-DURGAPUR,68,54,0,1,1,,,1,1,1,,1,0,0,BJP,TMC,41.76,41.59,0.17
813,WEST BENGAL,BARDHAMAN-DURGAPUR,68,62,0,1,2,0,0,0,0,0,0,1,0,0,BJP,TMC,41.76,41.59,0.17
814,WEST BENGAL,BARDHAMAN-DURGAPUR,68,45,1,1,1,0,0,0,0,0,0,1,0,0,BJP,TMC,41.76,41.59,0.17
815,WEST BENGAL,BARDHAMAN-DURGAPUR,68,45,1,1,,0,0,1,1,1,,1,0,0,BJP,TMC,41.76,41.59,0.17
816,WEST BENGAL,BARDHAMAN-DURGAPUR,68,49,1,1,1,0,0,2,1,,1,1,0,0,BJP,TMC,41.76,41.59,0.17
817,WEST BENGAL,BARDHAMAN PURBA(SC),69,67,0,1,1,0,0,2,1,,1,1,0,0,TMC,BJP,44.52,38.32,6.2
818,WEST BENGAL,BARDHAMAN PURBA(SC),69,42,0,1,4,0,0,0,0,0,0,1,0,0,TMC,BJP,44.52,38.32,6.2
819,WEST BENGAL,BARDHAMAN PURBA(SC),69,58,0,1,2,0,0,1,1,1,,1,0,0,TMC,BJP,44.52,38.32,6.2
820,WEST BENGAL,BARDHAMAN PURBA(SC),69,24,1,1,2,0,0,1,1,1,,1,0,0,TMC,BJP,44.52,38.32,6.2
821,WEST BENGAL,BARDHAMAN PURBA(SC),69,59,0,1,2,0,0,0,0,0,0,1,0,0,TMC,BJP,44.52,38.32,6.2
822,WEST BENGAL,BARDHAMAN PURBA(SC),69,38,0,1,2,0,0,0,0,0,0,1,0,0,TMC,BJP,44.52,38.32,6.2
823,WEST BENGAL,BARDHAMAN PURBA(SC),69,42,0,1,1,0,0,1,1,1,,1,0,0,TMC,BJP,44.52,38.32,6.2
824,WEST BENGAL,BARDHAMAN PURBA(SC),69,38,1,1,2,0,0,2,1,,1,1,0,0,TMC,BJP,44.52,38.32,6.2
825,WEST BENGAL,BARDHAMAN PURBA(SC),69,45,1,1,1,0,0,2,1,,1,1,0,0,TMC,BJP,44.52,38.32,6.2
826,WEST BENGAL,BARDHAMAN PURBA(SC),69,42,1,1,2,0,0,1,1,1,,1,0,0,TMC,BJP,44.52,38.32,6.2
827,WEST BENGAL,BARDHAMAN PURBA(SC),69,20,1,1,2,0,0,2,1,,1,1,0,0,TMC,BJP,44.52,38.32,6.2
828,WEST BENGAL,BARDHAMAN PURBA(SC),69,23,1,1,2,0,0,0,0,0,0,1,0,0,TMC,BJP,44.52,38.32,6.2
829,WEST BENGAL,BARDHAMAN PURBA(SC),70,60,1,1,0,0,0,0,0,0,0,1,0,0,TMC,BJP,44.52,38.32,6.2
830,WEST BENGAL,BARDHAMAN PURBA(SC),70,74,0,1,0,0,0,1,1,1,,1,0,0,TMC,BJP,44.52,38.32,6.2
831,WEST BENGAL,BARDHAMAN PURBA(SC),70,42,0,1,2,0,0,2,1,,1,1,0,0,TMC,BJP,44.52,38.32,6.2
832,WEST BENGAL,BARDHAMAN PURBA(SC),70,21,1,1,2,0,0,1,1,1,,1,0,0,TMC,BJP,44.52,38.32,6.2
833,WEST BENGAL,BARDHAMAN PURBA(SC),70,24,1,1,3,0,0,1,1,1,,1,0,0,TMC,BJP,44.52,38.32,6.2
834,WEST BENGAL,BARDHAMAN PURBA(SC),70,30,0,1,3,0,0,2,1,,1,1,0,0,TMC,BJP,44.52,38.32,6.2
835,WEST BENGAL,BARDHAMAN PURBA(SC),70,65,1,1,,0,0,0,0,0,0,1,0,0,TMC,BJP,44.52,38.32,6.2
836,WEST BENGAL,BARDHAMAN PURBA(SC),70,39,1,1,1,0,0,2,1,,1,1,0,0,TMC,BJP,44.52,38.32,6.2
837,WEST BENGAL,BARDHAMAN PURBA(SC),70,23,1,1,2,0,0,0,0,0,0,1,0,0,TMC,BJP,44.52,38.32,6.2
838,WEST BENGAL,BARDHAMAN PURBA(SC),70,33,0,1,2,0,0,2,1,,1,1,0,0,TMC,BJP,44.52,38.32,6.2
839,WEST BENGAL,BARDHAMAN PURBA(SC),70,26,0,1,3,0,0,0,0,0,0,1,0,0,TMC,BJP,44.52,38.32,6.2
840,WEST BENGAL,BARDHAMAN PURBA(SC),70,42,0,1,2,0,0,1,1,1,,1,0,0,TMC,BJP,44.52,38.32,6.2
841,WEST BENGAL,BARDHAMAN PURBA(SC),71,19,0,1,3,0,0,0,0,0,0,1,0,0,TMC,BJP,44.52,38.32,6.2
842,WEST BENGAL,BARDHAMAN PURBA(SC),71,22,0,1,2,0,0,0,0,0,0,1,0,0,TMC,BJP,44.52,38.32,6.2
843,WEST BENGAL,BARDHAMAN PURBA(SC),71,62,1,1,2,0,0,2,1,,1,1,0,0,TMC,BJP,44.52,38.32,6.2
844,WEST BENGAL,BARDHAMAN PURBA(SC),71,47,1,1,2,0,0,0,0,0,0,1,0,0,TMC,BJP,44.52,38.32,6.2
845,WEST BENGAL,BARDHAMAN PURBA(SC),71,38,1,1,1,0,0,2,1,,1,1,0,0,TMC,BJP,44.52,38.32,6.2
846,WEST BENGAL,BARDHAMAN PURBA(SC),71,29,0,1,1,,,1,1,1,,1,0,0,TMC,BJP,44.52,38.32,6.2
847,WEST BENGAL,BARDHAMAN PURBA(SC),71,46,0,1,4,,,2,1,,1,1,0,0,TMC,BJP,44.52,38.32,6.2
848,WEST BENGAL,BARDHAMAN PURBA(SC),71,36,1,1,2,0,0,1,1,1,,1,0,0,TMC,BJP,44.52,38.32,6.2
849,WEST BENGAL,BARDHAMAN PURBA(SC),71,23,1,1,1,0,0,1,1,1,,1,0,0,TMC,BJP,44.52,38.32,6.2
850,WEST BENGAL,BARDHAMAN PURBA(SC),71,22,0,1,2,1,0,0,0,0,0,1,0,0,TMC,BJP,44.52,38.32,6.2
851,WEST BENGAL,BARDHAMAN PURBA(SC),71,63,0,1,4,0,0,2,1,,1,1,0,0,TMC,BJP,44.52,38.32,6.2
852,WEST BENGAL,BARDHAMAN PURBA(SC),71,29,1,1,2,0,0,1,1,1,,1,0,0,TMC,BJP,44.52,38.32,6.2
853,WEST BENGAL,BARDHAMAN PURBA(SC),72,55,1,1,2,0,0,1,1,1,,1,0,0,TMC,BJP,44.52,38.32,6.2
854,WEST BENGAL,BARDHAMAN PURBA(SC),72,30,0,1,3,0,0,2,1,,1,1,0,0,TMC,BJP,44.52,38.32,6.2
855,WEST BENGAL,BARDHAMAN PURBA(SC),72,45,1,1,4,1,0,0,0,0,0,1,0,0,TMC,BJP,44.52,38.32,6.2
856,WEST BENGAL,BARDHAMAN PURBA(SC),72,32,0,1,3,0,0,0,0,0,0,1,0,0,TMC,BJP,44.52,38.32,6.2
857,WEST BENGAL,BARDHAMAN PURBA(SC),72,33,0,1,2,0,0,1,1,1,,1,0,0,TMC,BJP,44.52,38.32,6.2
858,WEST BENGAL,BARDHAMAN PURBA(SC),72,35,1,0,1,,,1,1,1,,1,0,0,TMC,BJP,44.52,38.32,6.2
859,WEST BENGAL,BARDHAMAN PURBA(SC),72,40,1,1,2,0,0,2,1,,1,1,0,0,TMC,BJP,44.52,38.32,6.2
860,WEST BENGAL,BARDHAMAN PURBA(SC),72,59,1,1,,,,2,1,,1,1,0,0,TMC,BJP,44.52,38.32,6.2
861,WEST BENGAL,BARDHAMAN PURBA(SC),72,32,1,1,1,0,0,0,0,0,0,1,0,0,TMC,BJP,44.52,38.32,6.2
862,WEST BENGAL,BARDHAMAN PURBA(SC),72,26,0,1,2,,,1,1,1,,1,0,0,TMC,BJP,44.52,38.32,6.2
863,WEST BENGAL,BARDHAMAN PURBA(SC),72,42,0,1,3,0,0,2,1,,1,1,0,0,TMC,BJP,44.52,38.32,6.2
864,WEST BENGAL,BARDHAMAN PURBA(SC),72,34,0,1,2,0,0,0,0,0,0,1,0,0,TMC,BJP,44.52,38.32,6.2
865,WEST BENGAL,PURULIA,73,32,0,1,2,0,0,2,1,,1,0,1,0,BJP,TMC,49.3,34.19,15.11
866,WEST BENGAL,PURULIA,73,36,1,1,,0,0,1,1,1,,0,1,0,BJP,TMC,49.3,34.19,15.11
867,WEST BENGAL,PURULIA,73,25,1,1,,0,0,0,0,0,0,0,1,0,BJP,TMC,49.3,34.19,15.11
868,WEST BENGAL,PURULIA,73,26,0,1,5,0,0,2,1,,1,0,1,0,BJP,TMC,49.3,34.19,15.11
869,WEST BENGAL,PURULIA,73,73,0,1,,0,0,2,1,,1,0,1,0,BJP,TMC,49.3,34.19,15.11
870,WEST BENGAL,PURULIA,73,28,1,1,,0,0,1,1,1,,0,1,0,BJP,TMC,49.3,34.19,15.11
871,WEST BENGAL,PURULIA,73,32,1,1,3,0,0,0,0,0,0,0,1,0,BJP,TMC,49.3,34.19,15.11
872,WEST BENGAL,PURULIA,73,25,1,1,,0,0,1,1,1,,0,1,0,BJP,TMC,49.3,34.19,15.11
873,WEST BENGAL,PURULIA,73,39,1,1,,0,0,0,0,0,0,0,1,0,BJP,TMC,49.3,34.19,15.11
874,WEST BENGAL,PURULIA,73,23,0,1,5,0,0,1,1,1,,0,1,0,BJP,TMC,49.3,34.19,15.11
875,WEST BENGAL,PURULIA,73,48,0,1,3,0,,2,1,,1,0,1,0,BJP,TMC,49.3,34.19,15.11
876,WEST BENGAL,PURULIA,73,22,0,1,2,0,0,0,0,0,0,0,1,0,BJP,TMC,49.3,34.19,15.11
877,WEST BENGAL,PURULIA,74,22,1,1,2,0,0,2,1,,1,0,1,0,BJP,TMC,49.3,34.19,15.11
878,WEST BENGAL,PURULIA,74,36,1,,2,,,1,1,1,,0,1,0,BJP,TMC,49.3,34.19,15.11
879,WEST BENGAL,PURULIA,74,44,0,1,3,0,0,0,0,0,0,0,1,0,BJP,TMC,49.3,34.19,15.11
880,WEST BENGAL,PURULIA,74,55,1,1,,0,1,1,1,1,,0,1,0,BJP,TMC,49.3,34.19,15.11
881,WEST BENGAL,PURULIA,74,45,1,1,,0,1,2,1,,1,0,1,0,BJP,TMC,49.3,34.19,15.11
882,WEST BENGAL,PURULIA,74,39,0,1,,0,1,1,1,1,,0,1,0,BJP,TMC,49.3,34.19,15.11
883,WEST BENGAL,PURULIA,74,18,1,1,,,0,0,0,0,0,0,1,0,BJP,TMC,49.3,34.19,15.11
884,WEST BENGAL,PURULIA,74,54,0,0,3,0,0,2,1,,1,0,1,0,BJP,TMC,49.3,34.19,15.11
885,WEST BENGAL,PURULIA,74,38,0,1,3,0,0,0,0,0,0,0,1,0,BJP,TMC,49.3,34.19,15.11
886,WEST BENGAL,PURULIA,74,35,1,1,,0,0,0,0,0,0,0,1,0,BJP,TMC,49.3,34.19,15.11
887,WEST BENGAL,PURULIA,74,57,0,1,,,0,1,1,1,,0,1,0,BJP,TMC,49.3,34.19,15.11
888,WEST BENGAL,PURULIA,74,36,0,1,2,0,0,2,1,,1,0,1,0,BJP,TMC,49.3,34.19,15.11
889,WEST BENGAL,BANKURA,75,51,1,1,2,0,0,1,1,1,,0,1,0,BJP,TMC,49.23,36.52,12.71
890,WEST BENGAL,BANKURA,75,20,0,1,2,0,0,0,0,0,0,0,1,0,BJP,TMC,49.23,36.52,12.71
891,WEST BENGAL,BANKURA,75,28,1,1,3,0,0,0,0,0,0,0,1,0,BJP,TMC,49.23,36.52,12.71
892,WEST BENGAL,BANKURA,75,18,1,1,4,0,0,2,1,,1,0,1,0,BJP,TMC,49.23,36.52,12.71
893,WEST BENGAL,BANKURA,75,19,0,1,4,0,0,1,1,1,,0,1,0,BJP,TMC,49.23,36.52,12.71
894,WEST BENGAL,BANKURA,75,64,1,1,3,0,0,2,1,,1,0,1,0,BJP,TMC,49.23,36.52,12.71
895,WEST BENGAL,BANKURA,75,51,0,1,3,0,0,1,1,1,,0,1,0,BJP,TMC,49.23,36.52,12.71
896,WEST BENGAL,BANKURA,75,46,0,1,2,0,0,2,1,,1,0,1,0,BJP,TMC,49.23,36.52,12.71
897,WEST BENGAL,BANKURA,75,44,0,1,4,0,0,0,0,0,0,0,1,0,BJP,TMC,49.23,36.52,12.71
898,WEST BENGAL,BANKURA,75,20,1,1,3,0,0,0,0,0,0,0,1,0,BJP,TMC,49.23,36.52,12.71
899,WEST BENGAL,BANKURA,75,18,0,1,4,0,0,2,1,,1,0,1,0,BJP,TMC,49.23,36.52,12.71
900,WEST BENGAL,BANKURA,75,42,1,1,3,0,0,1,1,1,,0,1,0,BJP,TMC,49.23,36.52,12.71
901,WEST BENGAL,PURULIA,76,22,1,1,3,0,0,1,1,1,,0,1,0,BJP,TMC,49.3,34.19,15.11
902,WEST BENGAL,PURULIA,76,21,0,1,3,0,0,2,1,,1,0,1,0,BJP,TMC,49.3,34.19,15.11
903,WEST BENGAL,PURULIA,76,18,0,1,3,0,0,1,1,1,,0,1,0,BJP,TMC,49.3,34.19,15.11
904,WEST BENGAL,PURULIA,76,18,0,1,2,0,0,0,0,0,0,0,1,0,BJP,TMC,49.3,34.19,15.11
905,WEST BENGAL,PURULIA,76,20,1,1,2,0,0,0,0,0,0,0,1,0,BJP,TMC,49.3,34.19,15.11
906,WEST BENGAL,PURULIA,76,29,0,1,3,0,0,2,1,,1,0,1,0,BJP,TMC,49.3,34.19,15.11
907,WEST BENGAL,PURULIA,76,21,1,1,2,0,0,0,0,0,0,0,1,0,BJP,TMC,49.3,34.19,15.11
908,WEST BENGAL,PURULIA,76,69,1,1,3,0,0,2,1,,1,0,1,0,BJP,TMC,49.3,34.19,15.11
909,WEST BENGAL,PURULIA,76,31,0,1,3,0,0,1,1,1,,0,1,0,BJP,TMC,49.3,34.19,15.11
910,WEST BENGAL,PURULIA,76,25,1,1,3,0,0,2,1,,1,0,1,0,BJP,TMC,49.3,34.19,15.11
911,WEST BENGAL,PURULIA,76,18,0,1,3,0,0,1,1,1,,0,1,0,BJP,TMC,49.3,34.19,15.11
912,WEST BENGAL,PURULIA,76,38,1,1,3,0,0,0,0,0,0,0,1,0,BJP,TMC,49.3,34.19,15.11
913,WEST BENGAL,PURULIA,77,22,1,0,,,1,2,1,,1,0,1,0,BJP,TMC,49.3,34.19,15.11
914,WEST BENGAL,PURULIA,77,39,0,1,3,,,1,1,1,,0,1,0,BJP,TMC,49.3,34.19,15.11
915,WEST BENGAL,PURULIA,77,30,1,,3,,,2,1,,1,0,1,0,BJP,TMC,49.3,34.19,15.11
916,WEST BENGAL,PURULIA,77,40,0,1,,0,0,1,1,1,,0,1,0,BJP,TMC,49.3,34.19,15.11
917,WEST BENGAL,PURULIA,77,29,1,1,,,0,1,1,1,,0,1,0,BJP,TMC,49.3,34.19,15.11
918,WEST BENGAL,PURULIA,77,21,1,1,,0,,0,0,0,0,0,1,0,BJP,TMC,49.3,34.19,15.11
919,WEST BENGAL,PURULIA,77,57,0,1,3,1,1,0,0,0,0,0,1,0,BJP,TMC,49.3,34.19,15.11
920,WEST BENGAL,PURULIA,77,27,0,0,,1,1,2,1,,1,0,1,0,BJP,TMC,49.3,34.19,15.11
921,WEST BENGAL,PURULIA,77,48,0,0,3,0,0,0,0,0,0,0,1,0,BJP,TMC,49.3,34.19,15.11
922,WEST BENGAL,PURULIA,77,38,1,,2,,,2,1,,1,0,1,0,BJP,TMC,49.3,34.19,15.11
923,WEST BENGAL,PURULIA,77,47,0,1,4,0,0,0,0,0,0,0,1,0,BJP,TMC,49.3,34.19,15.11
924,WEST BENGAL,PURULIA,77,34,1,,3,,,1,1,1,,0,1,0,BJP,TMC,49.3,34.19,15.11
925,WEST BENGAL,PURULIA,78,48,0,1,3,0,0,1,1,1,,0,1,0,BJP,TMC,49.3,34.19,15.11
926,WEST BENGAL,PURULIA,78,30,1,1,3,0,0,0,0,0,0,0,1,0,BJP,TMC,49.3,34.19,15.11
927,WEST BENGAL,PURULIA,78,35,1,1,2,0,0,2,1,,1,0,1,0,BJP,TMC,49.3,34.19,15.11
928,WEST BENGAL,PURULIA,78,45,1,1,2,0,0,2,1,,1,0,1,0,BJP,TMC,49.3,34.19,15.11
929,WEST BENGAL,PURULIA,78,59,1,1,3,1,1,0,0,0,0,0,1,0,BJP,TMC,49.3,34.19,15.11
930,WEST BENGAL,PURULIA,78,18,0,1,3,0,0,2,1,,1,0,1,0,BJP,TMC,49.3,34.19,15.11
931,WEST BENGAL,PURULIA,78,36,0,1,3,0,0,1,1,1,,0,1,0,BJP,TMC,49.3,34.19,15.11
932,WEST BENGAL,PURULIA,78,29,0,1,3,0,0,0,0,0,0,0,1,0,BJP,TMC,49.3,34.19,15.11
933,WEST BENGAL,PURULIA,78,32,1,1,2,0,0,1,1,1,,0,1,0,BJP,TMC,49.3,34.19,15.11
934,WEST BENGAL,PURULIA,78,40,0,1,2,0,0,2,1,,1,0,1,0,BJP,TMC,49.3,34.19,15.11
935,WEST BENGAL,PURULIA,78,19,0,1,1,0,0,1,1,1,,0,1,0,BJP,TMC,49.3,34.19,15.11
936,WEST BENGAL,PURULIA,78,35,1,1,2,0,0,0,0,0,0,0,1,0,BJP,TMC,49.3,34.19,15.11
937,WEST BENGAL,PURULIA,79,36,0,1,3,0,0,0,0,0,0,0,1,0,BJP,TMC,49.3,34.19,15.11
938,WEST BENGAL,PURULIA,79,44,0,0,3,,,2,1,,1,0,1,0,BJP,TMC,49.3,34.19,15.11
939,WEST BENGAL,PURULIA,79,36,0,1,3,,,2,1,,1,0,1,0,BJP,TMC,49.3,34.19,15.11
940,WEST BENGAL,PURULIA,79,19,0,1,,0,0,2,1,,1,0,1,0,BJP,TMC,49.3,34.19,15.11
941,WEST BENGAL,PURULIA,79,45,1,0,2,,,0,0,0,0,0,1,0,BJP,TMC,49.3,34.19,15.11
942,WEST BENGAL,PURULIA,79,25,0,1,2,,,0,0,0,0,0,1,0,BJP,TMC,49.3,34.19,15.11
943,WEST BENGAL,PURULIA,79,36,1,,3,0,,1,1,1,,0,1,0,BJP,TMC,49.3,34.19,15.11
944,WEST BENGAL,PURULIA,79,21,1,1,2,,,1,1,1,,0,1,0,BJP,TMC,49.3,34.19,15.11
945,WEST BENGAL,PURULIA,79,38,1,,3,,,1,1,1,,0,1,0,BJP,TMC,49.3,34.19,15.11
946,WEST BENGAL,PURULIA,79,45,0,1,2,,,0,0,0,0,0,1,0,BJP,TMC,49.3,34.19,15.11
947,WEST BENGAL,PURULIA,79,32,1,,2,,0,2,1,,1,0,1,0,BJP,TMC,49.3,34.19,15.11
948,WEST BENGAL,PURULIA,79,45,1,1,,0,,1,1,1,,0,1,0,BJP,TMC,49.3,34.19,15.11
949,WEST BENGAL,JHARGRAM (ST),80,18,1,1,3,0,0,1,1,1,,1,0,0,BJP,TMC,44.56,43.72,0.84
950,WEST BENGAL,JHARGRAM (ST),80,26,1,,3,,,2,1,,1,1,0,0,BJP,TMC,44.56,43.72,0.84
951,WEST BENGAL,JHARGRAM (ST),80,36,0,,2,0,,0,0,0,0,1,0,0,BJP,TMC,44.56,43.72,0.84
952,WEST BENGAL,JHARGRAM (ST),80,32,0,1,3,0,,2,1,,1,1,0,0,BJP,TMC,44.56,43.72,0.84
953,WEST BENGAL,JHARGRAM (ST),80,65,1,,3,,,0,0,0,0,1,0,0,BJP,TMC,44.56,43.72,0.84
954,WEST BENGAL,JHARGRAM (ST),80,42,1,,2,,,0,0,0,0,1,0,0,BJP,TMC,44.56,43.72,0.84
955,WEST BENGAL,JHARGRAM (ST),80,38,0,1,4,,0,2,1,,1,1,0,0,BJP,TMC,44.56,43.72,0.84
956,WEST BENGAL,JHARGRAM (ST),80,32,0,1,4,0,0,1,1,1,,1,0,0,BJP,TMC,44.56,43.72,0.84
957,WEST BENGAL,JHARGRAM (ST),80,26,1,1,2,0,0,1,1,1,,1,0,0,BJP,TMC,44.56,43.72,0.84
958,WEST BENGAL,JHARGRAM (ST),80,71,0,1,,0,0,0,0,0,0,1,0,0,BJP,TMC,44.56,43.72,0.84
959,WEST BENGAL,JHARGRAM (ST),80,43,0,1,,0,0,1,1,1,,1,0,0,BJP,TMC,44.56,43.72,0.84
960,WEST BENGAL,JHARGRAM (ST),80,20,1,1,,1,1,2,1,,1,1,0,0,BJP,TMC,44.56,43.72,0.84
961,WEST BENGAL,PURULIA,81,25,0,1,3,0,0,0,0,0,0,0,1,0,BJP,TMC,49.3,34.19,15.11
962,WEST BENGAL,PURULIA,81,40,0,1,,0,0,1,1,1,,0,1,0,BJP,TMC,49.3,34.19,15.11
963,WEST BENGAL,PURULIA,81,45,1,1,4,0,0,1,1,1,,0,1,0,BJP,TMC,49.3,34.19,15.11
964,WEST BENGAL,PURULIA,81,60,0,1,3,0,0,2,1,,1,0,1,0,BJP,TMC,49.3,34.19,15.11
965,WEST BENGAL,PURULIA,81,42,1,1,3,0,0,1,1,1,,0,1,0,BJP,TMC,49.3,34.19,15.11
966,WEST BENGAL,PURULIA,81,54,0,1,3,0,0,2,1,,1,0,1,0,BJP,TMC,49.3,34.19,15.11
967,WEST BENGAL,PURULIA,81,25,1,1,3,0,0,2,1,,1,0,1,0,BJP,TMC,49.3,34.19,15.11
968,WEST BENGAL,PURULIA,81,28,0,1,,0,0,0,0,0,0,0,1,0,BJP,TMC,49.3,34.19,15.11
969,WEST BENGAL,PURULIA,81,58,0,1,4,0,0,0,0,0,0,0,1,0,BJP,TMC,49.3,34.19,15.11
970,WEST BENGAL,PURULIA,81,51,1,1,4,0,0,0,0,0,0,0,1,0,BJP,TMC,49.3,34.19,15.11
971,WEST BENGAL,PURULIA,81,45,1,1,4,0,0,2,1,,1,0,1,0,BJP,TMC,49.3,34.19,15.11
972,WEST BENGAL,PURULIA,81,51,1,1,,0,0,1,1,1,,0,1,0,BJP,TMC,49.3,34.19,15.11
973,WEST BENGAL,JADAVPUR,82,42,0,1,2,0,0,1,1,1,,0,0,1,TMC,BJP,47.91,27.37,20.54
974,WEST BENGAL,JADAVPUR,82,33,0,1,3,,0,2,1,,1,0,0,1,TMC,BJP,47.91,27.37,20.54
975,WEST BENGAL,JADAVPUR,82,22,0,1,1,0,,2,1,,1,0,0,1,TMC,BJP,47.91,27.37,20.54
976,WEST BENGAL,JADAVPUR,82,34,0,1,3,1,,0,0,0,0,0,0,1,TMC,BJP,47.91,27.37,20.54
977,WEST BENGAL,JADAVPUR,82,24,1,1,1,,,1,1,1,,0,0,1,TMC,BJP,47.91,27.37,20.54
978,WEST BENGAL,JADAVPUR,82,23,0,1,2,0,1,0,0,0,0,0,0,1,TMC,BJP,47.91,27.37,20.54
979,WEST BENGAL,JADAVPUR,82,65,1,1,0,,,0,0,0,0,0,0,1,TMC,BJP,47.91,27.37,20.54
980,WEST BENGAL,JADAVPUR,82,71,0,0,2,0,0,1,1,1,,0,0,1,TMC,BJP,47.91,27.37,20.54
981,WEST BENGAL,JADAVPUR,82,47,1,1,2,0,0,2,1,,1,0,0,1,TMC,BJP,47.91,27.37,20.54
982,WEST BENGAL,JADAVPUR,82,47,1,1,2,0,,1,1,1,,0,0,1,TMC,BJP,47.91,27.37,20.54
983,WEST BENGAL,JADAVPUR,82,44,1,1,3,0,,0,0,0,0,0,0,1,TMC,BJP,47.91,27.37,20.54
984,WEST BENGAL,JADAVPUR,82,36,1,1,2,0,0,2,1,,1,0,0,1,TMC,BJP,47.91,27.37,20.54
985,WEST BENGAL,JADAVPUR,83,38,0,1,5,0,0,1,1,1,,0,0,1,TMC,BJP,47.91,27.37,20.54
986,WEST BENGAL,JADAVPUR,83,93,0,1,4,0,0,1,1,1,,0,0,1,TMC,BJP,47.91,27.37,20.54
987,WEST BENGAL,JADAVPUR,83,26,0,1,5,0,0,2,1,,1,0,0,1,TMC,BJP,47.91,27.37,20.54
988,WEST BENGAL,JADAVPUR,83,42,0,1,3,0,0,0,0,0,0,0,0,1,TMC,BJP,47.91,27.37,20.54
989,WEST BENGAL,JADAVPUR,83,50,1,1,2,0,0,2,1,,1,0,0,1,TMC,BJP,47.91,27.37,20.54
990,WEST BENGAL,JADAVPUR,83,62,0,1,4,0,0,2,1,,1,0,0,1,TMC,BJP,47.91,27.37,20.54
991,WEST BENGAL,JADAVPUR,83,38,1,1,3,0,0,0,0,0,0,0,0,1,TMC,BJP,47.91,27.37,20.54
992,WEST BENGAL,JADAVPUR,83,59,0,1,5,0,0,1,1,1,,0,0,1,TMC,BJP,47.91,27.37,20.54
993,WEST BENGAL,JADAVPUR,83,70,1,1,3,0,0,0,0,0,0,0,0,1,TMC,BJP,47.91,27.37,20.54
994,WEST BENGAL,JADAVPUR,83,78,1,1,5,0,0,2,1,,1,0,0,1,TMC,BJP,47.91,27.37,20.54
995,WEST BENGAL,JADAVPUR,83,71,1,1,4,0,,1,1,1,,0,0,1,TMC,BJP,47.91,27.37,20.54
996,WEST BENGAL,JADAVPUR,83,25,1,1,,0,0,0,0,0,0,0,0,1,TMC,BJP,47.91,27.37,20.54
997,WEST BENGAL,MATHURAPUR (SC),84,32,1,1,5,0,0,1,1,1,,0,0,1,TMC,BJP,51.84,37.29,14.55
998,WEST BENGAL,MATHURAPUR (SC),84,42,1,1,4,,,1,1,1,,0,0,1,TMC,BJP,51.84,37.29,14.55
999,WEST BENGAL,MATHURAPUR (SC),84,32,1,1,4,1,0,2,1,,1,0,0,1,TMC,BJP,51.84,37.29,14.55
1000,WEST BENGAL,MATHURAPUR (SC),84,40,1,1,4,0,0,1,1,1,,0,0,1,TMC,BJP,51.84,37.29,14.55
1001,WEST BENGAL,MATHURAPUR (SC),84,51,0,1,5,1,0,2,1,,1,0,0,1,TMC,BJP,51.84,37.29,14.55
1002,WEST BENGAL,MATHURAPUR (SC),84,22,1,1,4,0,0,2,1,,1,0,0,1,TMC,BJP,51.84,37.29,14.55
1003,WEST BENGAL,MATHURAPUR (SC),84,27,0,1,4,0,0,0,0,0,0,0,0,1,TMC,BJP,51.84,37.29,14.55
1004,WEST BENGAL,MATHURAPUR (SC),84,50,0,1,4,0,0,0,0,0,0,0,0,1,TMC,BJP,51.84,37.29,14.55
1005,WEST BENGAL,MATHURAPUR (SC),84,62,1,0,3,,,0,0,0,0,0,0,1,TMC,BJP,51.84,37.29,14.55
1006,WEST BENGAL,MATHURAPUR (SC),84,50,0,1,4,1,0,1,1,1,,0,0,1,TMC,BJP,51.84,37.29,14.55
1007,WEST BENGAL,MATHURAPUR (SC),84,60,0,1,4,1,0,0,0,0,0,0,0,1,TMC,BJP,51.84,37.29,14.55
1008,WEST BENGAL,MATHURAPUR (SC),84,52,0,1,5,0,0,2,1,,1,0,0,1,TMC,BJP,51.84,37.29,14.55
1009,WEST BENGAL,MATHURAPUR (SC),85,26,1,1,3,0,0,0,0,0,0,0,0,1,TMC,BJP,51.84,37.29,14.55
1010,WEST BENGAL,MATHURAPUR (SC),85,29,1,1,3,0,0,0,0,0,0,0,0,1,TMC,BJP,51.84,37.29,14.55
1011,WEST BENGAL,MATHURAPUR (SC),85,54,1,1,3,0,,1,1,1,,0,0,1,TMC,BJP,51.84,37.29,14.55
1012,WEST BENGAL,MATHURAPUR (SC),85,40,1,1,4,0,,2,1,,1,0,0,1,TMC,BJP,51.84,37.29,14.55
1013,WEST BENGAL,MATHURAPUR (SC),85,23,0,1,3,0,0,0,0,0,0,0,0,1,TMC,BJP,51.84,37.29,14.55
1014,WEST BENGAL,MATHURAPUR (SC),85,35,0,1,5,0,0,2,1,,1,0,0,1,TMC,BJP,51.84,37.29,14.55
1015,WEST BENGAL,MATHURAPUR (SC),85,48,1,1,4,0,0,1,1,1,,0,0,1,TMC,BJP,51.84,37.29,14.55
1016,WEST BENGAL,MATHURAPUR (SC),85,24,0,1,5,0,0,2,1,,1,0,0,1,TMC,BJP,51.84,37.29,14.55
1017,WEST BENGAL,MATHURAPUR (SC),85,39,0,1,5,0,0,1,1,1,,0,0,1,TMC,BJP,51.84,37.29,14.55
1018,WEST BENGAL,MATHURAPUR (SC),85,70,1,1,4,0,0,2,1,,1,0,0,1,TMC,BJP,51.84,37.29,14.55
1019,WEST BENGAL,MATHURAPUR (SC),85,33,0,1,5,0,0,1,1,1,,0,0,1,TMC,BJP,51.84,37.29,14.55
1020,WEST BENGAL,MATHURAPUR (SC),85,52,0,1,4,0,0,0,0,0,0,0,0,1,TMC,BJP,51.84,37.29,14.55
1021,WEST BENGAL,JAYNAGAR (SC),86,34,1,1,5,1,0,1,1,1,,0,0,1,TMC,BJP,56.13,32.77,23.36
1022,WEST BENGAL,JAYNAGAR (SC),86,25,1,1,5,0,0,2,1,,1,0,0,1,TMC,BJP,56.13,32.77,23.36
1023,WEST BENGAL,JAYNAGAR (SC),86,37,1,1,5,0,0,2,1,,1,0,0,1,TMC,BJP,56.13,32.77,23.36
1024,WEST BENGAL,JAYNAGAR (SC),86,58,0,1,4,0,0,0,0,0,0,0,0,1,TMC,BJP,56.13,32.77,23.36
1025,WEST BENGAL,JAYNAGAR (SC),86,46,1,1,4,0,0,1,1,1,,0,0,1,TMC,BJP,56.13,32.77,23.36
1026,WEST BENGAL,JAYNAGAR (SC),86,23,0,0,5,0,0,1,1,1,,0,0,1,TMC,BJP,56.13,32.77,23.36
1027,WEST BENGAL,JAYNAGAR (SC),86,48,0,1,4,0,0,0,0,0,0,0,0,1,TMC,BJP,56.13,32.77,23.36
1028,WEST BENGAL,JAYNAGAR (SC),86,30,0,1,5,0,1,2,1,,1,0,0,1,TMC,BJP,56.13,32.77,23.36
1029,WEST BENGAL,JAYNAGAR (SC),86,68,1,1,3,0,0,0,0,0,0,0,0,1,TMC,BJP,56.13,32.77,23.36
1030,WEST BENGAL,JAYNAGAR (SC),86,40,0,1,4,,0,2,1,,1,0,0,1,TMC,BJP,56.13,32.77,23.36
1031,WEST BENGAL,JAYNAGAR (SC),86,53,1,1,4,0,0,1,1,1,,0,0,1,TMC,BJP,56.13,32.77,23.36
1032,WEST BENGAL,JAYNAGAR (SC),86,43,0,1,4,0,0,0,0,0,0,0,0,1,TMC,BJP,56.13,32.77,23.36
1033,WEST BENGAL,MATHURAPUR (SC),87,50,0,1,1,0,0,0,0,0,0,0,0,1,TMC,BJP,51.84,37.29,14.55
1034,WEST BENGAL,MATHURAPUR (SC),87,26,1,1,2,1,1,1,1,1,,0,0,1,TMC,BJP,51.84,37.29,14.55
1035,WEST BENGAL,MATHURAPUR (SC),87,51,0,1,3,1,1,1,1,1,,0,0,1,TMC,BJP,51.84,37.29,14.55
1036,WEST BENGAL,MATHURAPUR (SC),87,35,1,1,2,0,0,0,0,0,0,0,0,1,TMC,BJP,51.84,37.29,14.55
1037,WEST BENGAL,MATHURAPUR (SC),87,29,1,1,4,0,0,2,1,,1,0,0,1,TMC,BJP,51.84,37.29,14.55
1038,WEST BENGAL,MATHURAPUR (SC),87,45,0,1,3,0,0,2,1,,1,0,0,1,TMC,BJP,51.84,37.29,14.55
1039,WEST BENGAL,MATHURAPUR (SC),87,50,0,1,4,,,0,0,0,0,0,0,1,TMC,BJP,51.84,37.29,14.55
1040,WEST BENGAL,MATHURAPUR (SC),87,42,1,1,3,0,0,1,1,1,,0,0,1,TMC,BJP,51.84,37.29,14.55
1041,WEST BENGAL,MATHURAPUR (SC),87,54,1,1,1,0,0,2,1,,1,0,0,1,TMC,BJP,51.84,37.29,14.55
1042,WEST BENGAL,MATHURAPUR (SC),87,35,1,1,,0,0,1,1,1,,0,0,1,TMC,BJP,51.84,37.29,14.55
1043,WEST BENGAL,MATHURAPUR (SC),87,23,0,1,1,0,0,2,1,,1,0,0,1,TMC,BJP,51.84,37.29,14.55
1044,WEST BENGAL,MATHURAPUR (SC),87,72,0,1,,0,1,0,0,0,0,0,0,1,TMC,BJP,51.84,37.29,14.55
1045,WEST BENGAL,MATHURAPUR (SC),88,21,1,1,4,,,2,1,,1,0,0,1,TMC,BJP,51.84,37.29,14.55
1046,WEST BENGAL,MATHURAPUR (SC),88,65,1,1,,1,0,1,1,1,,0,0,1,TMC,BJP,51.84,37.29,14.55
1047,WEST BENGAL,MATHURAPUR (SC),88,62,0,0,4,0,0,1,1,1,,0,0,1,TMC,BJP,51.84,37.29,14.55
1048,WEST BENGAL,MATHURAPUR (SC),88,38,1,1,4,0,0,1,1,1,,0,0,1,TMC,BJP,51.84,37.29,14.55
1049,WEST BENGAL,MATHURAPUR (SC),88,28,1,1,3,0,0,0,0,0,0,0,0,1,TMC,BJP,51.84,37.29,14.55
1050,WEST BENGAL,MATHURAPUR (SC),88,80,0,1,4,0,0,2,1,,1,0,0,1,TMC,BJP,51.84,37.29,14.55
1051,WEST BENGAL,MATHURAPUR (SC),88,20,0,0,,,,2,1,,1,0,0,1,TMC,BJP,51.84,37.29,14.55
1052,WEST BENGAL,MATHURAPUR (SC),88,55,1,1,3,0,0,0,0,0,0,0,0,1,TMC,BJP,51.84,37.29,14.55
1053,WEST BENGAL,MATHURAPUR (SC),88,62,1,1,2,0,0,0,0,0,0,0,0,1,TMC,BJP,51.84,37.29,14.55
1054,WEST BENGAL,MATHURAPUR (SC),88,27,0,1,5,0,0,1,1,1,,0,0,1,TMC,BJP,51.84,37.29,14.55
1055,WEST BENGAL,MATHURAPUR (SC),88,90,0,1,,0,0,2,1,,1,0,0,1,TMC,BJP,51.84,37.29,14.55
1056,WEST BENGAL,MATHURAPUR (SC),88,50,0,1,4,1,0,0,0,0,0,0,0,1,TMC,BJP,51.84,37.29,14.55
1057,WEST BENGAL,DIAMOND HARBOUR,89,34,1,1,1,0,0,0,0,0,0,0,0,1,TMC,BJP,56.15,33.39,22.76
1058,WEST BENGAL,DIAMOND HARBOUR,89,31,0,1,2,0,0,1,1,1,,0,0,1,TMC,BJP,56.15,33.39,22.76
1059,WEST BENGAL,DIAMOND HARBOUR,89,38,0,1,2,0,0,1,1,1,,0,0,1,TMC,BJP,56.15,33.39,22.76
1060,WEST BENGAL,DIAMOND HARBOUR,89,41,1,1,2,0,0,2,1,,1,0,0,1,TMC,BJP,56.15,33.39,22.76
1061,WEST BENGAL,DIAMOND HARBOUR,89,24,1,0,2,1,1,0,0,0,0,0,0,1,TMC,BJP,56.15,33.39,22.76
1062,WEST BENGAL,DIAMOND HARBOUR,89,52,1,1,1,,0,2,1,,1,0,0,1,TMC,BJP,56.15,33.39,22.76
1063,WEST BENGAL,DIAMOND HARBOUR,89,71,0,1,2,,0,2,1,,1,0,0,1,TMC,BJP,56.15,33.39,22.76
1064,WEST BENGAL,DIAMOND HARBOUR,89,64,0,1,3,0,,0,0,0,0,0,0,1,TMC,BJP,56.15,33.39,22.76
1065,WEST BENGAL,DIAMOND HARBOUR,89,27,1,1,2,,,1,1,1,,0,0,1,TMC,BJP,56.15,33.39,22.76
1066,WEST BENGAL,DIAMOND HARBOUR,89,43,1,1,2,,0,1,1,1,,0,0,1,TMC,BJP,56.15,33.39,22.76
1067,WEST BENGAL,DIAMOND HARBOUR,89,65,0,1,2,0,0,0,0,0,0,0,0,1,TMC,BJP,56.15,33.39,22.76
1068,WEST BENGAL,DIAMOND HARBOUR,89,22,0,1,0,0,0,2,1,,1,0,0,1,TMC,BJP,56.15,33.39,22.76
1069,WEST BENGAL,JAYNAGAR (SC),90,43,0,1,2,0,0,2,1,,1,0,0,1,TMC,BJP,56.13,32.77,23.36
1070,WEST BENGAL,JAYNAGAR (SC),90,23,0,1,3,,,2,1,,1,0,0,1,TMC,BJP,56.13,32.77,23.36
1071,WEST BENGAL,JAYNAGAR (SC),90,23,1,1,2,,0,0,0,0,0,0,0,1,TMC,BJP,56.13,32.77,23.36
1072,WEST BENGAL,JAYNAGAR (SC),90,51,0,1,2,,0,0,0,0,0,0,0,1,TMC,BJP,56.13,32.77,23.36
1073,WEST BENGAL,JAYNAGAR (SC),90,27,1,1,3,,,1,1,1,,0,0,1,TMC,BJP,56.13,32.77,23.36
1074,WEST BENGAL,JAYNAGAR (SC),90,21,0,1,2,,0,1,1,1,,0,0,1,TMC,BJP,56.13,32.77,23.36
1075,WEST BENGAL,JAYNAGAR (SC),90,53,1,1,2,1,,2,1,,1,0,0,1,TMC,BJP,56.13,32.77,23.36
1076,WEST BENGAL,JAYNAGAR (SC),90,50,0,1,1,,1,0,0,0,0,0,0,1,TMC,BJP,56.13,32.77,23.36
1077,WEST BENGAL,JAYNAGAR (SC),90,72,1,1,1,,,1,1,1,,0,0,1,TMC,BJP,56.13,32.77,23.36
1078,WEST BENGAL,JAYNAGAR (SC),90,26,0,1,4,,,1,1,1,,0,0,1,TMC,BJP,56.13,32.77,23.36
1079,WEST BENGAL,JAYNAGAR (SC),90,41,1,1,2,0,0,0,0,0,0,0,0,1,TMC,BJP,56.13,32.77,23.36
1080,WEST BENGAL,JAYNAGAR (SC),90,40,1,1,2,,0,2,1,,1,0,0,1,TMC,BJP,56.13,32.77,23.36
